pair	chr	valid_blocks
P2_PGC_SCZ__ADHD	1	132
P2_PGC_SCZ__ADHD	2	143
P2_PGC_SCZ__ADHD	3	122
P2_PGC_SCZ__ADHD	4	122
P2_PGC_SCZ__ADHD	5	110
P2_PGC_SCZ__ADHD	6	112
P2_PGC_SCZ__ADHD	7	98
P2_PGC_SCZ__ADHD	8	93
P2_PGC_SCZ__ADHD	9	74
P2_PGC_SCZ__ADHD	10	85
P2_PGC_SCZ__ADHD	11	84
P2_PGC_SCZ__ADHD	12	82
P2_PGC_SCZ__ADHD	13	62
P2_PGC_SCZ__ADHD	14	56
P2_PGC_SCZ__ADHD	15	49
P2_PGC_SCZ__ADHD	16	54
P2_PGC_SCZ__ADHD	17	47
P2_PGC_SCZ__ADHD	18	48
P2_PGC_SCZ__ADHD	19	39
P2_PGC_SCZ__ADHD	20	38
P2_PGC_SCZ__ADHD	21	24
P2_PGC_SCZ__ADHD	22	24
P3_FINNGEN_SCZ__ADHD	1	132
P3_FINNGEN_SCZ__ADHD	2	143
P3_FINNGEN_SCZ__ADHD	3	122
P3_FINNGEN_SCZ__ADHD	4	122
P3_FINNGEN_SCZ__ADHD	5	110
P3_FINNGEN_SCZ__ADHD	6	112
P3_FINNGEN_SCZ__ADHD	7	98
P3_FINNGEN_SCZ__ADHD	8	94
P3_FINNGEN_SCZ__ADHD	9	74
P3_FINNGEN_SCZ__ADHD	10	85
P3_FINNGEN_SCZ__ADHD	11	84
P3_FINNGEN_SCZ__ADHD	12	82
P3_FINNGEN_SCZ__ADHD	13	62
P3_FINNGEN_SCZ__ADHD	14	56
P3_FINNGEN_SCZ__ADHD	15	49
P3_FINNGEN_SCZ__ADHD	16	54
P3_FINNGEN_SCZ__ADHD	17	47
P3_FINNGEN_SCZ__ADHD	18	48
P3_FINNGEN_SCZ__ADHD	19	39
P3_FINNGEN_SCZ__ADHD	20	38
P3_FINNGEN_SCZ__ADHD	21	24
P3_FINNGEN_SCZ__ADHD	22	24
P4_PGC_SCZ__ASD	1	130
P4_PGC_SCZ__ASD	2	142
P4_PGC_SCZ__ASD	3	122
P4_PGC_SCZ__ASD	4	122
P4_PGC_SCZ__ASD	5	109
P4_PGC_SCZ__ASD	6	102
P4_PGC_SCZ__ASD	7	95
P4_PGC_SCZ__ASD	8	92
P4_PGC_SCZ__ASD	9	70
P4_PGC_SCZ__ASD	10	82
P4_PGC_SCZ__ASD	11	81
P4_PGC_SCZ__ASD	12	81
P4_PGC_SCZ__ASD	13	62
P4_PGC_SCZ__ASD	14	54
P4_PGC_SCZ__ASD	15	49
P4_PGC_SCZ__ASD	16	53
P4_PGC_SCZ__ASD	17	47
P4_PGC_SCZ__ASD	18	48
P4_PGC_SCZ__ASD	19	38
P4_PGC_SCZ__ASD	20	38
P4_PGC_SCZ__ASD	21	24
P4_PGC_SCZ__ASD	22	24
P5_FINNGEN_SCZ__ASD	1	130
P5_FINNGEN_SCZ__ASD	2	142
P5_FINNGEN_SCZ__ASD	3	122
P5_FINNGEN_SCZ__ASD	4	122
P5_FINNGEN_SCZ__ASD	5	109
P5_FINNGEN_SCZ__ASD	6	102
P5_FINNGEN_SCZ__ASD	7	95
P5_FINNGEN_SCZ__ASD	8	92
P5_FINNGEN_SCZ__ASD	9	70
P5_FINNGEN_SCZ__ASD	10	82
P5_FINNGEN_SCZ__ASD	11	81
P5_FINNGEN_SCZ__ASD	12	81
P5_FINNGEN_SCZ__ASD	13	62
P5_FINNGEN_SCZ__ASD	14	54
P5_FINNGEN_SCZ__ASD	15	49
P5_FINNGEN_SCZ__ASD	16	53
P5_FINNGEN_SCZ__ASD	17	47
P5_FINNGEN_SCZ__ASD	18	48
P5_FINNGEN_SCZ__ASD	19	38
P5_FINNGEN_SCZ__ASD	20	38
P5_FINNGEN_SCZ__ASD	21	24
P5_FINNGEN_SCZ__ASD	22	24
P6_PGC_SCZ__OCD	1	131
P6_PGC_SCZ__OCD	2	142
P6_PGC_SCZ__OCD	3	122
P6_PGC_SCZ__OCD	4	121
P6_PGC_SCZ__OCD	5	109
P6_PGC_SCZ__OCD	6	102
P6_PGC_SCZ__OCD	7	95
P6_PGC_SCZ__OCD	8	92
P6_PGC_SCZ__OCD	9	70
P6_PGC_SCZ__OCD	10	83
P6_PGC_SCZ__OCD	11	82
P6_PGC_SCZ__OCD	12	81
P6_PGC_SCZ__OCD	13	62
P6_PGC_SCZ__OCD	14	54
P6_PGC_SCZ__OCD	15	49
P6_PGC_SCZ__OCD	16	53
P6_PGC_SCZ__OCD	17	47
P6_PGC_SCZ__OCD	18	48
P6_PGC_SCZ__OCD	19	38
P6_PGC_SCZ__OCD	20	38
P6_PGC_SCZ__OCD	21	24
P6_PGC_SCZ__OCD	22	24
P7_FINNGEN_SCZ__OCD	1	131
P7_FINNGEN_SCZ__OCD	2	142
P7_FINNGEN_SCZ__OCD	3	122
P7_FINNGEN_SCZ__OCD	4	121
P7_FINNGEN_SCZ__OCD	5	109
P7_FINNGEN_SCZ__OCD	6	102
P7_FINNGEN_SCZ__OCD	7	95
P7_FINNGEN_SCZ__OCD	8	92
P7_FINNGEN_SCZ__OCD	9	70
P7_FINNGEN_SCZ__OCD	10	83
P7_FINNGEN_SCZ__OCD	11	82
P7_FINNGEN_SCZ__OCD	12	81
P7_FINNGEN_SCZ__OCD	13	62
P7_FINNGEN_SCZ__OCD	14	54
P7_FINNGEN_SCZ__OCD	15	49
P7_FINNGEN_SCZ__OCD	16	53
P7_FINNGEN_SCZ__OCD	17	47
P7_FINNGEN_SCZ__OCD	18	48
P7_FINNGEN_SCZ__OCD	19	38
P7_FINNGEN_SCZ__OCD	20	38
P7_FINNGEN_SCZ__OCD	21	24
P7_FINNGEN_SCZ__OCD	22	24
P8_PGC_SCZ__AN	1	130
P8_PGC_SCZ__AN	2	141
P8_PGC_SCZ__AN	3	121
P8_PGC_SCZ__AN	4	120
P8_PGC_SCZ__AN	5	109
P8_PGC_SCZ__AN	6	101
P8_PGC_SCZ__AN	7	91
P8_PGC_SCZ__AN	8	91
P8_PGC_SCZ__AN	9	70
P8_PGC_SCZ__AN	10	81
P8_PGC_SCZ__AN	11	80
P8_PGC_SCZ__AN	12	79
P8_PGC_SCZ__AN	13	61
P8_PGC_SCZ__AN	14	54
P8_PGC_SCZ__AN	15	49
P8_PGC_SCZ__AN	16	53
P8_PGC_SCZ__AN	17	47
P8_PGC_SCZ__AN	18	47
P8_PGC_SCZ__AN	19	35
P8_PGC_SCZ__AN	20	38
P8_PGC_SCZ__AN	21	24
P8_PGC_SCZ__AN	22	23
P9_FINNGEN_SCZ__AN	1	130
P9_FINNGEN_SCZ__AN	2	141
P9_FINNGEN_SCZ__AN	3	121
P9_FINNGEN_SCZ__AN	4	120
P9_FINNGEN_SCZ__AN	5	109
P9_FINNGEN_SCZ__AN	6	101
P9_FINNGEN_SCZ__AN	7	91
P9_FINNGEN_SCZ__AN	8	91
P9_FINNGEN_SCZ__AN	9	70
P9_FINNGEN_SCZ__AN	10	81
P9_FINNGEN_SCZ__AN	11	80
P9_FINNGEN_SCZ__AN	12	79
P9_FINNGEN_SCZ__AN	13	61
P9_FINNGEN_SCZ__AN	14	54
P9_FINNGEN_SCZ__AN	15	49
P9_FINNGEN_SCZ__AN	16	53
P9_FINNGEN_SCZ__AN	17	47
P9_FINNGEN_SCZ__AN	18	47
P9_FINNGEN_SCZ__AN	19	35
P9_FINNGEN_SCZ__AN	20	38
P9_FINNGEN_SCZ__AN	21	24
P9_FINNGEN_SCZ__AN	22	23
P10_PGC_SCZ__AUD	1	131
P10_PGC_SCZ__AUD	2	142
P10_PGC_SCZ__AUD	3	122
P10_PGC_SCZ__AUD	4	122
P10_PGC_SCZ__AUD	5	109
P10_PGC_SCZ__AUD	6	102
P10_PGC_SCZ__AUD	7	96
P10_PGC_SCZ__AUD	8	92
P10_PGC_SCZ__AUD	9	70
P10_PGC_SCZ__AUD	10	83
P10_PGC_SCZ__AUD	11	82
P10_PGC_SCZ__AUD	12	81
P10_PGC_SCZ__AUD	13	62
P10_PGC_SCZ__AUD	14	54
P10_PGC_SCZ__AUD	15	49
P10_PGC_SCZ__AUD	16	54
P10_PGC_SCZ__AUD	17	47
P10_PGC_SCZ__AUD	18	48
P10_PGC_SCZ__AUD	19	38
P10_PGC_SCZ__AUD	20	38
P10_PGC_SCZ__AUD	21	24
P10_PGC_SCZ__AUD	22	24
P11_FINNGEN_SCZ__AUD	1	131
P11_FINNGEN_SCZ__AUD	2	142
P11_FINNGEN_SCZ__AUD	3	122
P11_FINNGEN_SCZ__AUD	4	122
P11_FINNGEN_SCZ__AUD	5	109
P11_FINNGEN_SCZ__AUD	6	102
P11_FINNGEN_SCZ__AUD	7	96
P11_FINNGEN_SCZ__AUD	8	92
P11_FINNGEN_SCZ__AUD	9	70
P11_FINNGEN_SCZ__AUD	10	83
P11_FINNGEN_SCZ__AUD	11	82
P11_FINNGEN_SCZ__AUD	12	81
P11_FINNGEN_SCZ__AUD	13	62
P11_FINNGEN_SCZ__AUD	14	54
P11_FINNGEN_SCZ__AUD	15	49
P11_FINNGEN_SCZ__AUD	16	54
P11_FINNGEN_SCZ__AUD	17	47
P11_FINNGEN_SCZ__AUD	18	48
P11_FINNGEN_SCZ__AUD	19	38
P11_FINNGEN_SCZ__AUD	20	38
P11_FINNGEN_SCZ__AUD	21	24
P11_FINNGEN_SCZ__AUD	22	24
P12_PGC_SCZ__CUD	1	131
P12_PGC_SCZ__CUD	2	142
P12_PGC_SCZ__CUD	3	122
P12_PGC_SCZ__CUD	4	122
P12_PGC_SCZ__CUD	5	109
P12_PGC_SCZ__CUD	6	102
P12_PGC_SCZ__CUD	7	97
P12_PGC_SCZ__CUD	8	92
P12_PGC_SCZ__CUD	9	71
P12_PGC_SCZ__CUD	10	83
P12_PGC_SCZ__CUD	11	82
P12_PGC_SCZ__CUD	12	81
P12_PGC_SCZ__CUD	13	62
P12_PGC_SCZ__CUD	14	54
P12_PGC_SCZ__CUD	15	49
P12_PGC_SCZ__CUD	16	54
P12_PGC_SCZ__CUD	17	47
P12_PGC_SCZ__CUD	18	48
P12_PGC_SCZ__CUD	19	39
P12_PGC_SCZ__CUD	20	38
P12_PGC_SCZ__CUD	21	24
P12_PGC_SCZ__CUD	22	24
P13_FINNGEN_SCZ__CUD	1	131
P13_FINNGEN_SCZ__CUD	2	142
P13_FINNGEN_SCZ__CUD	3	122
P13_FINNGEN_SCZ__CUD	4	122
P13_FINNGEN_SCZ__CUD	5	109
P13_FINNGEN_SCZ__CUD	6	102
P13_FINNGEN_SCZ__CUD	7	97
P13_FINNGEN_SCZ__CUD	8	92
P13_FINNGEN_SCZ__CUD	9	71
P13_FINNGEN_SCZ__CUD	10	83
P13_FINNGEN_SCZ__CUD	11	82
P13_FINNGEN_SCZ__CUD	12	81
P13_FINNGEN_SCZ__CUD	13	62
P13_FINNGEN_SCZ__CUD	14	54
P13_FINNGEN_SCZ__CUD	15	49
P13_FINNGEN_SCZ__CUD	16	54
P13_FINNGEN_SCZ__CUD	17	47
P13_FINNGEN_SCZ__CUD	18	48
P13_FINNGEN_SCZ__CUD	19	39
P13_FINNGEN_SCZ__CUD	20	38
P13_FINNGEN_SCZ__CUD	21	24
P13_FINNGEN_SCZ__CUD	22	24
