input_id	class	source_identifier	source_url	download_url	expected_local_path	archive_status	checksum	checksum_type	notes
MDD_CLIN_PGC2025	target	PGC MDD2025; Figshare 27061255	https://figshare.com/articles/dataset/GWAS_summary_statistics_for_major_depression_PGC_MDD2025_/27061255	https://ndownloader.figshare.com/files/51487013	data/input/ldsc/MDD_CLIN_PGC2025	available_public	NA	NA	Source file identifier is recorded in Supplementary Table 1.
MDD_EHR_PGC2025	target	PGC MDD2025; Figshare 27061255	https://figshare.com/articles/dataset/GWAS_summary_statistics_for_major_depression_PGC_MDD2025_/27061255	https://ndownloader.figshare.com/files/51487016	data/input/ldsc/MDD_EHR_PGC2025	available_public	NA	NA	Source file identifier is recorded in Supplementary Table 1.
MDD_QUEST_PGC2025	target	PGC MDD2025; Figshare 27061255	https://figshare.com/articles/dataset/GWAS_summary_statistics_for_major_depression_PGC_MDD2025_/27061255	https://ndownloader.figshare.com/files/51487025	data/input/ldsc/MDD_QUEST_PGC2025	available_public	NA	NA	Source file identifier is recorded in Supplementary Table 1.
MDD_FINNGEN_R13	target	FinnGen R13 F5_DEPRESSIO	https://r13.risteys.finngen.fi/endpoints/F5_DEPRESSIO	https://storage.googleapis.com/finngen-public-data-r13/summary_stats/finngen_R13_F5_DEPRESSIO.gz	data/input/ldsc/MDD_FINNGEN_R13	available_public	NA	NA	FinnGen release endpoint.
BD_CLIN_PGC4	target	PGC BIP4 2024; Figshare 27216117	https://figshare.com/articles/dataset/bip2024/27216117	https://ndownloader.figshare.com/files/52065002	data/input/ldsc/BD_CLIN_PGC4	available_public	NA	NA	Source file identifier is recorded in Supplementary Table 1.
BD_FINNGEN_R13	target	FinnGen R13 F5_BIPO	https://r13.risteys.finngen.fi/endpoints/F5_BIPO	https://storage.googleapis.com/finngen-public-data-r13/summary_stats/finngen_R13_F5_BIPO.gz	data/input/ldsc/BD_FINNGEN_R13	available_public	NA	NA	FinnGen release endpoint.
SCZ_PGC2022	target	PGC3 schizophrenia wave 3; Figshare 19426775 version 7	https://figshare.com/articles/dataset/scz2022/19426775/7	https://ndownloader.figshare.com/files/34517828	data/input/ldsc/SCZ_PGC2022	available_public	6ebe2376f5cda972d37efa0f214c4df0	MD5	Source checksum recorded in Supplementary Table 1.
SCZ_FINNGEN_R13	target	FinnGen R13 F5_SCHZPHR	https://r13.risteys.finngen.fi/endpoints/F5_SCHZPHR	https://storage.googleapis.com/finngen-public-data-r13/summary_stats/finngen_R13_F5_SCHZPHR.gz	data/input/ldsc/SCZ_FINNGEN_R13	available_public	NA	NA	FinnGen release endpoint.
SCZ_FINNGEN_R13_EXMORE	target	FinnGen R13 KRA_PSY_SCHIZODEL_EXMORE	https://r13.risteys.finngen.fi/endpoints/KRA_PSY_SCHIZODEL_EXMORE	https://storage.googleapis.com/finngen-public-data-r13/summary_stats/finngen_R13_KRA_PSY_SCHIZODEL_EXMORE.gz	data/input/ldsc/SCZ_FINNGEN_R13_EXMORE	available_public	NA	NA	Broad SCZ representation sensitivity.
AD_GCST90704646_MAIN	target	GWAS Catalog GCST90704646	https://www.nature.com/articles/s41588-026-02583-1	https://ftp.ebi.ac.uk/pub/databases/gwas/summary_statistics/GCST90704001-GCST90705000/GCST90704646/GCST90704646.tsv.gz	data/input/ldsc/AD_GCST90704646_MAIN	available_public	NA	NA	GWAS Catalog accession.
AD_GCST90704647_NOPROXY	target	GWAS Catalog GCST90704647	https://www.nature.com/articles/s41588-026-02583-1	https://ftp.ebi.ac.uk/pub/databases/gwas/summary_statistics/GCST90704001-GCST90705000/GCST90704647/GCST90704647.tsv.gz	data/input/ldsc/AD_GCST90704647_NOPROXY	available_public	NA	NA	GWAS Catalog accession.
AD_GCST90704648_NOBIOBANK	target	GWAS Catalog GCST90704648	https://www.nature.com/articles/s41588-026-02583-1	https://ftp.ebi.ac.uk/pub/databases/gwas/summary_statistics/GCST90704001-GCST90705000/GCST90704648/GCST90704648.tsv.gz	data/input/ldsc/AD_GCST90704648_NOBIOBANK	available_public	NA	NA	GWAS Catalog accession.
EPILEPSY_ILAE2023_EUR	target	GWAS Catalog GCST90271611	https://www.ebi.ac.uk/gwas/studies/GCST90271611	https://ftp.ebi.ac.uk/pub/databases/gwas/summary_statistics/GCST90271001-GCST90272000/GCST90271611/GCST90271611.tsv.gz	data/input/ldsc/EPILEPSY_ILAE2023_EUR	available_public	NA	NA	ILAE European-only representation.
EPILEPSY_MVP2024_EUR	target	dbGaP pha012729.1; phs002453.v1.p1	https://ncbi.nlm.nih.gov/projects/gap/cgi-bin/analysis.cgi?pha=12729&study_id=phs002453.v1.p1	https://ftp.ncbi.nlm.nih.gov/dbgap/studies/phs002453/analyses/GIA/phs002453.MVP_R4.1000G_AGR.GIA.Surveys_Binary_batch2.analysis-PI.MULTI.tar	data/input/ldsc/EPILEPSY_MVP2024_EUR	available_public	3092ab340629eead1657e4d2a736ee47a83c5a1d408565451ee1dd3dc753f314	SHA256	Source archive checksum recorded in Supplementary Table 1.
EPILEPSY_FINNGEN_R13	target	FinnGen R13 G6_EPLEPSY	https://r13.risteys.finngen.fi/endpoints/G6_EPLEPSY	https://storage.googleapis.com/finngen-public-data-r13/summary_stats/finngen_R13_G6_EPLEPSY.gz	data/input/ldsc/EPILEPSY_FINNGEN_R13	available_public	NA	NA	FinnGen release endpoint.
EPILEPSY_UKB_X345_GCST90435926	target	GWAS Catalog GCST90435926	https://www.ebi.ac.uk/gwas/studies/GCST90435926	https://ftp.ebi.ac.uk/pub/databases/gwas/summary_statistics/GCST90435001-GCST90436000/GCST90435926/GCST90435926.tsv.gz	data/input/ldsc/EPILEPSY_UKB_X345_GCST90435926	available_public	bc09b07b87767e1c86b965f983177a4e	MD5	Catalog checksum recorded; analysis-download checksum was not retained.
EPILEPSY_EHR_META_2OF3	derived	FinnGen G6_EPLEPSY, MVP NSEpil EUR and UK Biobank X345	NA	NA	data/input/ldsc/EPILEPSY_EHR_META_2OF3	derived_from_public_inputs	NA	NA	Fixed-effect inverse-variance meta-analysis; component provenance is recorded above.
EPILEPSY_EHR_META_3OF3	derived	FinnGen G6_EPLEPSY, MVP NSEpil EUR and UK Biobank X345	NA	NA	data/input/ldsc/EPILEPSY_EHR_META_3OF3	derived_from_public_inputs	NA	NA	Fixed-effect inverse-variance meta-analysis; component provenance is recorded above.
