comparison_type	section	disease	left_trait	right_trait	rg	rg_se	left_h2	left_h2_se	right_h2	right_h2_se	left_source_url	right_source_identifier	right_source_url	intercept_gencov	intercept_gencov_se	intercept_left_h2	intercept_left_h2_se	intercept_right_h2	intercept_right_h2_se	intercept_constrained	overlap_status	archive_status	notes	ldsc_version	intercept_command_mode	log_file	run_status
target_auxiliary	psychiatric_target_auxiliary	NA	BD_CLIN_PGC4	ADHD	0.1516	0.0321	0.3502	0.0168	0.164	0.0073	https://figshare.com/articles/dataset/bip2024/27216117	PGC ADHD 2023 European release; Figshare file 40036684	NA	0.0291	0.0073	1.0218	0.0101	1.027	0.0102	FALSE	participant_overlap_unknown_or_unreported	archived_ldsc_log	target-auxiliary overlap was not resolved from the available public source records; LDSC command mode recorded as freely estimated	1.0.1	freely_estimated_default	BD_CLIN_PGC4__ADHD.log	log_parsed
target_auxiliary	psychiatric_target_auxiliary	NA	BD_CLIN_PGC4	AN	0.1833	0.0354	0.3502	0.0168	0.2494	0.0166	https://figshare.com/articles/dataset/bip2024/27216117	Watson et al. 2019 anorexia nervosa European summary statistics	NA	0.0586	0.0076	1.0384	0.0123	1.0228	0.0109	FALSE	participant_overlap_unknown_or_unreported	archived_ldsc_log	target-auxiliary overlap was not resolved from the available public source records; LDSC command mode recorded as freely estimated	1.0.1	freely_estimated_default	BD_CLIN_PGC4__AN.log	log_parsed
target_auxiliary	psychiatric_target_auxiliary	NA	BD_CLIN_PGC4	ANX	0.3737	0.0282	0.3502	0.0168	0.0776	0.0028	https://figshare.com/articles/dataset/bip2024/27216117	PGC anxiety meta-analysis excluding UTAH; Figshare article 31389910, file 62089324; doi:10.6084/m9.figshare.31389910.v1	NA	0.017	0.0077	1.0217	0.0098	1.0427	0.011	FALSE	participant_overlap_unknown_or_unreported	archived_ldsc_log	target-auxiliary overlap was not resolved from the available public source records; LDSC command mode recorded as freely estimated	1.0.1	freely_estimated_default	BD_CLIN_PGC4__ANX.log	log_parsed
target_auxiliary	psychiatric_target_auxiliary	NA	BD_CLIN_PGC4	ASD	0.1581	0.0499	0.3502	0.0168	0.2035	0.0178	https://figshare.com/articles/dataset/bip2024/27216117	Grove et al. 2019 ASD European summary statistics	NA	0.0139	0.0079	1.0381	0.0119	1.004	0.0103	FALSE	participant_overlap_unknown_or_unreported	archived_ldsc_log	target-auxiliary overlap was not resolved from the available public source records; LDSC command mode recorded as freely estimated	1.0.1	freely_estimated_default	BD_CLIN_PGC4__ASD.log	log_parsed
target_auxiliary	psychiatric_target_auxiliary	NA	BD_CLIN_PGC4	AUD	0.2927	0.025	0.3502	0.0168	0.085	0.0035	https://figshare.com/articles/dataset/bip2024/27216117	Nature Medicine 2023 European AUD meta-analysis; AUD_EUR_Aug2023.txt.gz	NA	0.0221	0.0055	1.0219	0.0099	1.0419	0.0073	FALSE	participant_overlap_unknown_or_unreported	archived_ldsc_log	target-auxiliary overlap was not resolved from the available public source records; LDSC command mode recorded as freely estimated	1.0.1	freely_estimated_default	BD_CLIN_PGC4__AUD.log	log_parsed
target_auxiliary	psychiatric_target_auxiliary	NA	BD_CLIN_PGC4	CUD_2023_EUR	0.2693	0.031	0.3502	0.0168	0.0874	0.0045	https://figshare.com/articles/dataset/bip2024/27216117	2023 European CUD meta-analysis	NA	0.0062	0.0061	1.021	0.0098	0.9952	0.0093	FALSE	participant_overlap_unknown_or_unreported	archived_ldsc_log	target-auxiliary overlap was not resolved from the available public source records; LDSC command mode recorded as freely estimated	1.0.1	freely_estimated_default	BD_CLIN_PGC4__CUD_2023_EUR.log	log_parsed
target_auxiliary	psychiatric_target_auxiliary	NA	BD_CLIN_PGC4	MDD_CLIN_PGC2025	0.4248	0.0521	0.3502	0.0168	0.095	0.0096	https://figshare.com/articles/dataset/bip2024/27216117	PGC MDD2025 clinical/interview European summary statistics	https://figshare.com/articles/dataset/GWAS_summary_statistics_for_major_depression_PGC_MDD2025_/27061255	0.1364	0.0071	1.0257	0.0102	1.0125	0.0075	FALSE	participant_overlap_unknown_or_unreported	archived_ldsc_log	target-auxiliary overlap was not resolved from the available public source records; LDSC command mode recorded as freely estimated	1.0.1	freely_estimated_default	BD_CLIN_PGC4__MDD_CLIN_PGC2025.log	log_parsed
target_auxiliary	psychiatric_target_auxiliary	NA	BD_CLIN_PGC4	OCD_2025	0.3552	0.0357	0.3502	0.0168	0.3164	0.0203	https://figshare.com/articles/dataset/bip2024/27216117	2025 OCD GWAS, non-23andMe leave-UKB-out file	NA	0.033	0.0064	1.0238	0.0103	1.0226	0.0079	FALSE	participant_overlap_unknown_or_unreported	archived_ldsc_log	target-auxiliary overlap was not resolved from the available public source records; LDSC command mode recorded as freely estimated	1.0.1	freely_estimated_default	BD_CLIN_PGC4__OCD_2025.log	log_parsed
target_auxiliary	psychiatric_target_auxiliary	NA	BD_CLIN_PGC4	PTSD	0.3721	0.0279	0.3502	0.0168	0.0543	0.0023	https://figshare.com/articles/dataset/bip2024/27216117	PGC PTSD Freeze 3 European case-control; Figshare article 26349322, file 52065146; doi:10.6084/m9.figshare.26349322.v3	NA	0.0134	0.0074	1.0214	0.0102	1.0324	0.0105	FALSE	participant_overlap_unknown_or_unreported	archived_ldsc_log	target-auxiliary overlap was not resolved from the available public source records; LDSC command mode recorded as freely estimated	1.0.1	freely_estimated_default	BD_CLIN_PGC4__PTSD.log	log_parsed
target_auxiliary	psychiatric_target_auxiliary	NA	BD_CLIN_PGC4	SCZ_PGC2022	0.6808	0.0184	0.3502	0.0168	0.3876	0.0136	https://figshare.com/articles/dataset/bip2024/27216117	PGC schizophrenia wave 3 European summary statistics	https://figshare.com/articles/dataset/scz2022/19426775/7	0.2079	0.0088	1.0213	0.0098	1.081	0.0163	FALSE	participant_overlap_unknown_or_unreported	archived_ldsc_log	target-auxiliary overlap was not resolved from the available public source records; LDSC command mode recorded as freely estimated	1.0.1	freely_estimated_default	BD_CLIN_PGC4__SCZ_PGC2022.log	log_parsed
target_auxiliary	psychiatric_target_auxiliary	NA	BD_FINNGEN_R13	ADHD	0.4987	0.0482	0.1497	0.016	0.164	0.0073	https://r13.risteys.finngen.fi/endpoints/F5_BIPO	PGC ADHD 2023 European release; Figshare file 40036684	NA	-0.0069	0.0066	1.0579	0.0093	1.0266	0.0098	FALSE	participant_overlap_unknown_or_unreported	archived_ldsc_log	target-auxiliary overlap was not resolved from the available public source records; LDSC command mode recorded as freely estimated	1.0.1	freely_estimated_default	BD_FINNGEN_R13__ADHD.log	log_parsed
target_auxiliary	psychiatric_target_auxiliary	NA	BD_FINNGEN_R13	AN	0.324	0.0669	0.1497	0.016	0.2494	0.0166	https://r13.risteys.finngen.fi/endpoints/F5_BIPO	Watson et al. 2019 anorexia nervosa European summary statistics	NA	-0.0014	0.0071	1.0499	0.0098	1.0213	0.0113	FALSE	participant_overlap_unknown_or_unreported	archived_ldsc_log	target-auxiliary overlap was not resolved from the available public source records; LDSC command mode recorded as freely estimated	1.0.1	freely_estimated_default	BD_FINNGEN_R13__AN.log	log_parsed
target_auxiliary	psychiatric_target_auxiliary	NA	BD_FINNGEN_R13	ANX	0.6062	0.0421	0.1497	0.016	0.0776	0.0028	https://r13.risteys.finngen.fi/endpoints/F5_BIPO	PGC anxiety meta-analysis excluding UTAH; Figshare article 31389910, file 62089324; doi:10.6084/m9.figshare.31389910.v1	NA	0.0518	0.0058	1.057	0.0087	1.0453	0.0093	FALSE	participant_overlap_unknown_or_unreported	archived_ldsc_log	target-auxiliary overlap was not resolved from the available public source records; LDSC command mode recorded as freely estimated	1.0.1	freely_estimated_default	BD_FINNGEN_R13__ANX.log	log_parsed
target_auxiliary	psychiatric_target_auxiliary	NA	BD_FINNGEN_R13	ASD	0.3698	0.0757	0.1497	0.016	0.2035	0.0178	https://r13.risteys.finngen.fi/endpoints/F5_BIPO	Grove et al. 2019 ASD European summary statistics	NA	-0.0009	0.0069	1.0598	0.0093	1.0085	0.0099	FALSE	participant_overlap_unknown_or_unreported	archived_ldsc_log	target-auxiliary overlap was not resolved from the available public source records; LDSC command mode recorded as freely estimated	1.0.1	freely_estimated_default	BD_FINNGEN_R13__ASD.log	log_parsed
target_auxiliary	psychiatric_target_auxiliary	NA	BD_FINNGEN_R13	AUD	0.441	0.0406	0.1497	0.016	0.085	0.0035	https://r13.risteys.finngen.fi/endpoints/F5_BIPO	Nature Medicine 2023 European AUD meta-analysis; AUD_EUR_Aug2023.txt.gz	NA	0.061	0.0048	1.058	0.0086	1.0462	0.0069	FALSE	participant_overlap_unknown_or_unreported	archived_ldsc_log	target-auxiliary overlap was not resolved from the available public source records; LDSC command mode recorded as freely estimated	1.0.1	freely_estimated_default	BD_FINNGEN_R13__AUD.log	log_parsed
target_auxiliary	psychiatric_target_auxiliary	NA	BD_FINNGEN_R13	CUD_2023_EUR	0.5556	0.0527	0.1497	0.016	0.0874	0.0045	https://r13.risteys.finngen.fi/endpoints/F5_BIPO	2023 European CUD meta-analysis	NA	-0.0099	0.0047	1.058	0.0086	0.9904	0.0078	FALSE	participant_overlap_unknown_or_unreported	archived_ldsc_log	target-auxiliary overlap was not resolved from the available public source records; LDSC command mode recorded as freely estimated	1.0.1	freely_estimated_default	BD_FINNGEN_R13__CUD_2023_EUR.log	log_parsed
target_auxiliary	psychiatric_target_auxiliary	NA	BD_FINNGEN_R13	MDD_CLIN_PGC2025	0.7255	0.0815	0.1497	0.016	0.095	0.0096	https://r13.risteys.finngen.fi/endpoints/F5_BIPO	PGC MDD2025 clinical/interview European summary statistics	https://figshare.com/articles/dataset/GWAS_summary_statistics_for_major_depression_PGC_MDD2025_/27061255	0.0031	0.0062	1.0594	0.0094	1.0136	0.0076	FALSE	participant_overlap_unknown_or_unreported	archived_ldsc_log	target-auxiliary overlap was not resolved from the available public source records; LDSC command mode recorded as freely estimated	1.0.1	freely_estimated_default	BD_FINNGEN_R13__MDD_CLIN_PGC2025.log	log_parsed
target_auxiliary	psychiatric_target_auxiliary	NA	BD_FINNGEN_R13	OCD_2025	0.4199	0.0618	0.1497	0.016	0.3164	0.0203	https://r13.risteys.finngen.fi/endpoints/F5_BIPO	2025 OCD GWAS, non-23andMe leave-UKB-out file	NA	0.0222	0.0051	1.0592	0.0088	1.0242	0.0069	FALSE	participant_overlap_unknown_or_unreported	archived_ldsc_log	target-auxiliary overlap was not resolved from the available public source records; LDSC command mode recorded as freely estimated	1.0.1	freely_estimated_default	BD_FINNGEN_R13__OCD_2025.log	log_parsed
target_auxiliary	psychiatric_target_auxiliary	NA	BD_FINNGEN_R13	PTSD	0.6933	0.0464	0.1497	0.016	0.0543	0.0023	https://r13.risteys.finngen.fi/endpoints/F5_BIPO	PGC PTSD Freeze 3 European case-control; Figshare article 26349322, file 52065146; doi:10.6084/m9.figshare.26349322.v3	NA	0.0392	0.0063	1.0558	0.0088	1.036	0.0099	FALSE	participant_overlap_unknown_or_unreported	archived_ldsc_log	target-auxiliary overlap was not resolved from the available public source records; LDSC command mode recorded as freely estimated	1.0.1	freely_estimated_default	BD_FINNGEN_R13__PTSD.log	log_parsed
target_auxiliary	psychiatric_target_auxiliary	NA	BD_FINNGEN_R13	SCZ_PGC2022	0.5045	0.0469	0.1497	0.016	0.3876	0.0136	https://r13.risteys.finngen.fi/endpoints/F5_BIPO	PGC schizophrenia wave 3 European summary statistics	https://figshare.com/articles/dataset/scz2022/19426775/7	0.0094	0.0076	1.0592	0.009	1.0786	0.0161	FALSE	participant_overlap_unknown_or_unreported	archived_ldsc_log	target-auxiliary overlap was not resolved from the available public source records; LDSC command mode recorded as freely estimated	1.0.1	freely_estimated_default	BD_FINNGEN_R13__SCZ_PGC2022.log	log_parsed
target_auxiliary	psychiatric_target_auxiliary	NA	MDD_CLIN_PGC2025	ADHD	0.506	0.0487	0.095	0.0096	0.164	0.0073	https://figshare.com/articles/dataset/GWAS_summary_statistics_for_major_depression_PGC_MDD2025_/27061255	PGC ADHD 2023 European release; Figshare file 40036684	NA	0.0165	0.0073	1.0139	0.0079	1.0291	0.0101	FALSE	participant_overlap_unknown_or_unreported	archived_ldsc_log	target-auxiliary overlap was not resolved from the available public source records; LDSC command mode recorded as freely estimated	1.0.1	freely_estimated_default	MDD_CLIN_PGC2025__ADHD.log	log_parsed
target_auxiliary	psychiatric_target_auxiliary	NA	MDD_CLIN_PGC2025	AN	0.2168	0.0549	0.095	0.0096	0.2494	0.0166	https://figshare.com/articles/dataset/GWAS_summary_statistics_for_major_depression_PGC_MDD2025_/27061255	Watson et al. 2019 anorexia nervosa European summary statistics	NA	0.0444	0.007	1.0054	0.0092	1.0227	0.011	FALSE	participant_overlap_unknown_or_unreported	archived_ldsc_log	target-auxiliary overlap was not resolved from the available public source records; LDSC command mode recorded as freely estimated	1.0.1	freely_estimated_default	MDD_CLIN_PGC2025__AN.log	log_parsed
target_auxiliary	psychiatric_target_auxiliary	NA	MDD_CLIN_PGC2025	ANX	0.819	0.041	0.095	0.0096	0.0776	0.0028	https://figshare.com/articles/dataset/GWAS_summary_statistics_for_major_depression_PGC_MDD2025_/27061255	PGC anxiety meta-analysis excluding UTAH; Figshare article 31389910, file 62089324; doi:10.6084/m9.figshare.31389910.v1	NA	0.0633	0.0067	1.0136	0.0073	1.0406	0.011	FALSE	participant_overlap_unknown_or_unreported	archived_ldsc_log	target-auxiliary overlap was not resolved from the available public source records; LDSC command mode recorded as freely estimated	1.0.1	freely_estimated_default	MDD_CLIN_PGC2025__ANX.log	log_parsed
target_auxiliary	psychiatric_target_auxiliary	NA	MDD_CLIN_PGC2025	ASD	0.3871	0.0704	0.095	0.0096	0.2035	0.0178	https://figshare.com/articles/dataset/GWAS_summary_statistics_for_major_depression_PGC_MDD2025_/27061255	Grove et al. 2019 ASD European summary statistics	NA	-0.0014	0.0071	1.0178	0.0087	1.0023	0.0101	FALSE	participant_overlap_unknown_or_unreported	archived_ldsc_log	target-auxiliary overlap was not resolved from the available public source records; LDSC command mode recorded as freely estimated	1.0.1	freely_estimated_default	MDD_CLIN_PGC2025__ASD.log	log_parsed
target_auxiliary	psychiatric_target_auxiliary	NA	MDD_CLIN_PGC2025	AUD	0.33	0.0401	0.095	0.0096	0.085	0.0035	https://figshare.com/articles/dataset/GWAS_summary_statistics_for_major_depression_PGC_MDD2025_/27061255	Nature Medicine 2023 European AUD meta-analysis; AUD_EUR_Aug2023.txt.gz	NA	0.0412	0.0056	1.0134	0.0072	1.042	0.0074	FALSE	participant_overlap_unknown_or_unreported	archived_ldsc_log	target-auxiliary overlap was not resolved from the available public source records; LDSC command mode recorded as freely estimated	1.0.1	freely_estimated_default	MDD_CLIN_PGC2025__AUD.log	log_parsed
target_auxiliary	psychiatric_target_auxiliary	NA	MDD_CLIN_PGC2025	BD_PGC2021	0.4861	0.0454	0.095	0.0096	0.2788	0.0114	https://figshare.com/articles/dataset/GWAS_summary_statistics_for_major_depression_PGC_MDD2025_/27061255	PGC bipolar disorder 2021 summary statistics	NA	0.1133	0.0067	1.0144	0.0074	1.0344	0.0115	FALSE	participant_overlap_unknown_or_unreported	archived_ldsc_log	target-auxiliary overlap was not resolved from the available public source records; LDSC command mode recorded as freely estimated	1.0.1	freely_estimated_default	MDD_CLIN_PGC2025__BD_PGC2021.log	log_parsed
target_auxiliary	psychiatric_target_auxiliary	NA	MDD_CLIN_PGC2025	CUD_2023_EUR	0.3965	0.0495	0.095	0.0096	0.0874	0.0045	https://figshare.com/articles/dataset/GWAS_summary_statistics_for_major_depression_PGC_MDD2025_/27061255	2023 European CUD meta-analysis	NA	0.0127	0.0066	1.013	0.0073	0.996	0.0094	FALSE	participant_overlap_unknown_or_unreported	archived_ldsc_log	target-auxiliary overlap was not resolved from the available public source records; LDSC command mode recorded as freely estimated	1.0.1	freely_estimated_default	MDD_CLIN_PGC2025__CUD_2023_EUR.log	log_parsed
target_auxiliary	psychiatric_target_auxiliary	NA	MDD_CLIN_PGC2025	OCD_2025	0.5026	0.0565	0.095	0.0096	0.3164	0.0203	https://figshare.com/articles/dataset/GWAS_summary_statistics_for_major_depression_PGC_MDD2025_/27061255	2025 OCD GWAS, non-23andMe leave-UKB-out file	NA	0.0259	0.0063	1.0136	0.0076	1.0239	0.0079	FALSE	participant_overlap_unknown_or_unreported	archived_ldsc_log	target-auxiliary overlap was not resolved from the available public source records; LDSC command mode recorded as freely estimated	1.0.1	freely_estimated_default	MDD_CLIN_PGC2025__OCD_2025.log	log_parsed
target_auxiliary	psychiatric_target_auxiliary	NA	MDD_CLIN_PGC2025	PTSD	0.7506	0.0531	0.095	0.0096	0.0543	0.0023	https://figshare.com/articles/dataset/GWAS_summary_statistics_for_major_depression_PGC_MDD2025_/27061255	PGC PTSD Freeze 3 European case-control; Figshare article 26349322, file 52065146; doi:10.6084/m9.figshare.26349322.v3	NA	0.0225	0.008	1.0135	0.0081	1.0339	0.0104	FALSE	participant_overlap_unknown_or_unreported	archived_ldsc_log	target-auxiliary overlap was not resolved from the available public source records; LDSC command mode recorded as freely estimated	1.0.1	freely_estimated_default	MDD_CLIN_PGC2025__PTSD.log	log_parsed
target_auxiliary	psychiatric_target_auxiliary	NA	MDD_CLIN_PGC2025	SCZ_PGC2022	0.4042	0.0357	0.095	0.0096	0.3876	0.0136	https://figshare.com/articles/dataset/GWAS_summary_statistics_for_major_depression_PGC_MDD2025_/27061255	PGC schizophrenia wave 3 European summary statistics	https://figshare.com/articles/dataset/scz2022/19426775/7	0.1108	0.0065	1.0131	0.0073	1.0773	0.0166	FALSE	participant_overlap_unknown_or_unreported	archived_ldsc_log	target-auxiliary overlap was not resolved from the available public source records; LDSC command mode recorded as freely estimated	1.0.1	freely_estimated_default	SCZ_PGC2022__MDD_CLIN_PGC2025.log	log_parsed
target_auxiliary	psychiatric_target_auxiliary	NA	MDD_EHR_PGC2025	ADHD	0.6286	0.02	0.0474	0.0016	0.164	0.0073	https://figshare.com/articles/dataset/GWAS_summary_statistics_for_major_depression_PGC_MDD2025_/27061255	PGC ADHD 2023 European release; Figshare file 40036684	NA	0.1361	0.0087	1.0246	0.014	1.0302	0.0098	FALSE	participant_overlap_unknown_or_unreported	archived_ldsc_log	target-auxiliary overlap was not resolved from the available public source records; LDSC command mode recorded as freely estimated	1.0.1	freely_estimated_default	MDD_EHR_PGC2025__ADHD.log	log_parsed
target_auxiliary	psychiatric_target_auxiliary	NA	MDD_EHR_PGC2025	AN	0.2661	0.0305	0.0474	0.0016	0.2494	0.0166	https://figshare.com/articles/dataset/GWAS_summary_statistics_for_major_depression_PGC_MDD2025_/27061255	Watson et al. 2019 anorexia nervosa European summary statistics	NA	0.0656	0.0085	1.0134	0.0165	1.0171	0.0115	FALSE	participant_overlap_unknown_or_unreported	archived_ldsc_log	target-auxiliary overlap was not resolved from the available public source records; LDSC command mode recorded as freely estimated	1.0.1	freely_estimated_default	MDD_EHR_PGC2025__AN.log	log_parsed
target_auxiliary	psychiatric_target_auxiliary	NA	MDD_EHR_PGC2025	ANX	0.9172	0.0133	0.0474	0.0016	0.0776	0.0028	https://figshare.com/articles/dataset/GWAS_summary_statistics_for_major_depression_PGC_MDD2025_/27061255	PGC anxiety meta-analysis excluding UTAH; Figshare article 31389910, file 62089324; doi:10.6084/m9.figshare.31389910.v1	NA	0.2093	0.0093	1.0317	0.0128	1.0487	0.0093	FALSE	participant_overlap_unknown_or_unreported	archived_ldsc_log	target-auxiliary overlap was not resolved from the available public source records; LDSC command mode recorded as freely estimated	1.0.1	freely_estimated_default	MDD_EHR_PGC2025__ANX.log	log_parsed
target_auxiliary	psychiatric_target_auxiliary	NA	MDD_EHR_PGC2025	ASD	0.3194	0.0327	0.0474	0.0016	0.2035	0.0178	https://figshare.com/articles/dataset/GWAS_summary_statistics_for_major_depression_PGC_MDD2025_/27061255	Grove et al. 2019 ASD European summary statistics	NA	0.0874	0.0077	1.021	0.0156	1.0097	0.0096	FALSE	participant_overlap_unknown_or_unreported	archived_ldsc_log	target-auxiliary overlap was not resolved from the available public source records; LDSC command mode recorded as freely estimated	1.0.1	freely_estimated_default	MDD_EHR_PGC2025__ASD.log	log_parsed
target_auxiliary	psychiatric_target_auxiliary	NA	MDD_EHR_PGC2025	AUD	0.5913	0.0232	0.0474	0.0016	0.085	0.0035	https://figshare.com/articles/dataset/GWAS_summary_statistics_for_major_depression_PGC_MDD2025_/27061255	Nature Medicine 2023 European AUD meta-analysis; AUD_EUR_Aug2023.txt.gz	NA	0.0846	0.0063	1.0309	0.0125	1.0466	0.0071	FALSE	participant_overlap_unknown_or_unreported	archived_ldsc_log	target-auxiliary overlap was not resolved from the available public source records; LDSC command mode recorded as freely estimated	1.0.1	freely_estimated_default	MDD_EHR_PGC2025__AUD.log	log_parsed
target_auxiliary	psychiatric_target_auxiliary	NA	MDD_EHR_PGC2025	BD_PGC2021	0.4701	0.0206	0.0474	0.0016	0.2788	0.0114	https://figshare.com/articles/dataset/GWAS_summary_statistics_for_major_depression_PGC_MDD2025_/27061255	PGC bipolar disorder 2021 summary statistics	NA	0.0492	0.009	1.0228	0.0141	1.0354	0.0111	FALSE	participant_overlap_unknown_or_unreported	archived_ldsc_log	target-auxiliary overlap was not resolved from the available public source records; LDSC command mode recorded as freely estimated	1.0.1	freely_estimated_default	MDD_EHR_PGC2025__BD_PGC2021.log	log_parsed
target_auxiliary	psychiatric_target_auxiliary	NA	MDD_EHR_PGC2025	CUD_2023_EUR	0.5151	0.0243	0.0474	0.0016	0.0874	0.0045	https://figshare.com/articles/dataset/GWAS_summary_statistics_for_major_depression_PGC_MDD2025_/27061255	2023 European CUD meta-analysis	NA	0.0819	0.0074	1.0311	0.0127	0.9954	0.009	FALSE	participant_overlap_unknown_or_unreported	archived_ldsc_log	target-auxiliary overlap was not resolved from the available public source records; LDSC command mode recorded as freely estimated	1.0.1	freely_estimated_default	MDD_EHR_PGC2025__CUD_2023_EUR.log	log_parsed
target_auxiliary	psychiatric_target_auxiliary	NA	MDD_EHR_PGC2025	OCD_2025	0.5237	0.0281	0.0474	0.0016	0.3164	0.0203	https://figshare.com/articles/dataset/GWAS_summary_statistics_for_major_depression_PGC_MDD2025_/27061255	2025 OCD GWAS, non-23andMe leave-UKB-out file	NA	0.0926	0.0064	1.0311	0.0127	1.0235	0.0073	FALSE	participant_overlap_unknown_or_unreported	archived_ldsc_log	target-auxiliary overlap was not resolved from the available public source records; LDSC command mode recorded as freely estimated	1.0.1	freely_estimated_default	MDD_EHR_PGC2025__OCD_2025.log	log_parsed
target_auxiliary	psychiatric_target_auxiliary	NA	MDD_EHR_PGC2025	PTSD	0.9467	0.013	0.0474	0.0016	0.0543	0.0023	https://figshare.com/articles/dataset/GWAS_summary_statistics_for_major_depression_PGC_MDD2025_/27061255	PGC PTSD Freeze 3 European case-control; Figshare article 26349322, file 52065146; doi:10.6084/m9.figshare.26349322.v3	NA	0.263	0.0095	1.0316	0.0133	1.0336	0.0098	FALSE	participant_overlap_unknown_or_unreported	archived_ldsc_log	target-auxiliary overlap was not resolved from the available public source records; LDSC command mode recorded as freely estimated	1.0.1	freely_estimated_default	MDD_EHR_PGC2025__PTSD.log	log_parsed
target_auxiliary	psychiatric_target_auxiliary	NA	MDD_EHR_PGC2025	SCZ_PGC2022	0.3694	0.0195	0.0474	0.0016	0.3876	0.0136	https://figshare.com/articles/dataset/GWAS_summary_statistics_for_major_depression_PGC_MDD2025_/27061255	PGC schizophrenia wave 3 European summary statistics	https://figshare.com/articles/dataset/scz2022/19426775/7	0.0381	0.0088	1.0242	0.0132	1.0804	0.0159	FALSE	participant_overlap_unknown_or_unreported	archived_ldsc_log	target-auxiliary overlap was not resolved from the available public source records; LDSC command mode recorded as freely estimated	1.0.1	freely_estimated_default	MDD_EHR_PGC2025__SCZ_PGC2022.log	log_parsed
target_auxiliary	psychiatric_target_auxiliary	NA	MDD_FINNGEN_R13	ADHD	0.4905	0.0274	0.041	0.0021	0.164	0.0073	https://r13.risteys.finngen.fi/endpoints/F5_DEPRESSIO	PGC ADHD 2023 European release; Figshare file 40036684	NA	0.0038	0.0076	1.1219	0.0121	1.0265	0.0098	FALSE	participant_overlap_unknown_or_unreported	archived_ldsc_log	target-auxiliary overlap was not resolved from the available public source records; LDSC command mode recorded as freely estimated	1.0.1	freely_estimated_default	MDD_FINNGEN_R13__ADHD.log	log_parsed
target_auxiliary	psychiatric_target_auxiliary	NA	MDD_FINNGEN_R13	AN	0.2952	0.0364	0.041	0.0021	0.2494	0.0166	https://r13.risteys.finngen.fi/endpoints/F5_DEPRESSIO	Watson et al. 2019 anorexia nervosa European summary statistics	NA	0.0121	0.0078	1.1122	0.0133	1.0213	0.0113	FALSE	participant_overlap_unknown_or_unreported	archived_ldsc_log	target-auxiliary overlap was not resolved from the available public source records; LDSC command mode recorded as freely estimated	1.0.1	freely_estimated_default	MDD_FINNGEN_R13__AN.log	log_parsed
target_auxiliary	psychiatric_target_auxiliary	NA	MDD_FINNGEN_R13	ANX	0.7792	0.0221	0.041	0.0021	0.0776	0.0028	https://r13.risteys.finngen.fi/endpoints/F5_DEPRESSIO	PGC anxiety meta-analysis excluding UTAH; Figshare article 31389910, file 62089324; doi:10.6084/m9.figshare.31389910.v1	NA	0.0944	0.0073	1.1196	0.0105	1.0454	0.0093	FALSE	participant_overlap_unknown_or_unreported	archived_ldsc_log	target-auxiliary overlap was not resolved from the available public source records; LDSC command mode recorded as freely estimated	1.0.1	freely_estimated_default	MDD_FINNGEN_R13__ANX.log	log_parsed
target_auxiliary	psychiatric_target_auxiliary	NA	MDD_FINNGEN_R13	ASD	0.3417	0.044	0.041	0.0021	0.2035	0.0178	https://r13.risteys.finngen.fi/endpoints/F5_DEPRESSIO	Grove et al. 2019 ASD European summary statistics	NA	0.006	0.0074	1.122	0.0127	1.0085	0.0099	FALSE	participant_overlap_unknown_or_unreported	archived_ldsc_log	target-auxiliary overlap was not resolved from the available public source records; LDSC command mode recorded as freely estimated	1.0.1	freely_estimated_default	MDD_FINNGEN_R13__ASD.log	log_parsed
target_auxiliary	psychiatric_target_auxiliary	NA	MDD_FINNGEN_R13	AUD	0.3918	0.0246	0.041	0.0021	0.085	0.0035	https://r13.risteys.finngen.fi/endpoints/F5_DEPRESSIO	Nature Medicine 2023 European AUD meta-analysis; AUD_EUR_Aug2023.txt.gz	NA	0.1059	0.0053	1.1242	0.0108	1.0463	0.0069	FALSE	participant_overlap_unknown_or_unreported	archived_ldsc_log	target-auxiliary overlap was not resolved from the available public source records; LDSC command mode recorded as freely estimated	1.0.1	freely_estimated_default	MDD_FINNGEN_R13__AUD.log	log_parsed
target_auxiliary	psychiatric_target_auxiliary	NA	MDD_FINNGEN_R13	BD_PGC2021	0.5251	0.0253	0.041	0.0021	0.2788	0.0114	https://r13.risteys.finngen.fi/endpoints/F5_DEPRESSIO	PGC bipolar disorder 2021 summary statistics	NA	0.0152	0.0075	1.126	0.0122	1.0367	0.0114	FALSE	participant_overlap_unknown_or_unreported	archived_ldsc_log	target-auxiliary overlap was not resolved from the available public source records; LDSC command mode recorded as freely estimated	1.0.1	freely_estimated_default	MDD_FINNGEN_R13__BD_PGC2021.log	log_parsed
target_auxiliary	psychiatric_target_auxiliary	NA	MDD_FINNGEN_R13	CUD_2023_EUR	0.4327	0.0295	0.041	0.0021	0.0874	0.0045	https://r13.risteys.finngen.fi/endpoints/F5_DEPRESSIO	2023 European CUD meta-analysis	NA	-0.0005	0.0056	1.1229	0.0104	0.9904	0.0078	FALSE	participant_overlap_unknown_or_unreported	archived_ldsc_log	target-auxiliary overlap was not resolved from the available public source records; LDSC command mode recorded as freely estimated	1.0.1	freely_estimated_default	MDD_FINNGEN_R13__CUD_2023_EUR.log	log_parsed
target_auxiliary	psychiatric_target_auxiliary	NA	MDD_FINNGEN_R13	OCD_2025	0.5202	0.0335	0.041	0.0021	0.3164	0.0203	https://r13.risteys.finngen.fi/endpoints/F5_DEPRESSIO	2025 OCD GWAS, non-23andMe leave-UKB-out file	NA	0.0269	0.0062	1.1233	0.0118	1.0243	0.0069	FALSE	participant_overlap_unknown_or_unreported	archived_ldsc_log	target-auxiliary overlap was not resolved from the available public source records; LDSC command mode recorded as freely estimated	1.0.1	freely_estimated_default	MDD_FINNGEN_R13__OCD_2025.log	log_parsed
target_auxiliary	psychiatric_target_auxiliary	NA	MDD_FINNGEN_R13	PTSD	0.7921	0.0175	0.041	0.0021	0.0543	0.0023	https://r13.risteys.finngen.fi/endpoints/F5_DEPRESSIO	PGC PTSD Freeze 3 European case-control; Figshare article 26349322, file 52065146; doi:10.6084/m9.figshare.26349322.v3	NA	0.0801	0.0075	1.1195	0.0113	1.036	0.0099	FALSE	participant_overlap_unknown_or_unreported	archived_ldsc_log	target-auxiliary overlap was not resolved from the available public source records; LDSC command mode recorded as freely estimated	1.0.1	freely_estimated_default	MDD_FINNGEN_R13__PTSD.log	log_parsed
target_auxiliary	psychiatric_target_auxiliary	NA	MDD_FINNGEN_R13	SCZ_PGC2022	0.4263	0.0221	0.041	0.0021	0.3876	0.0136	https://r13.risteys.finngen.fi/endpoints/F5_DEPRESSIO	PGC schizophrenia wave 3 European summary statistics	https://figshare.com/articles/dataset/scz2022/19426775/7	0.0102	0.0079	1.1246	0.0121	1.0787	0.0161	FALSE	participant_overlap_unknown_or_unreported	archived_ldsc_log	target-auxiliary overlap was not resolved from the available public source records; LDSC command mode recorded as freely estimated	1.0.1	freely_estimated_default	MDD_FINNGEN_R13__SCZ_PGC2022.log	log_parsed
target_auxiliary	psychiatric_target_auxiliary	NA	MDD_QUEST_PGC2025	ADHD	0.4723	0.0271	0.0704	0.0037	0.164	0.0073	https://figshare.com/articles/dataset/GWAS_summary_statistics_for_major_depression_PGC_MDD2025_/27061255	PGC ADHD 2023 European release; Figshare file 40036684	NA	0.0102	0.0064	1.0215	0.0094	1.0254	0.0098	FALSE	participant_overlap_unknown_or_unreported	archived_ldsc_log	target-auxiliary overlap was not resolved from the available public source records; LDSC command mode recorded as freely estimated	1.0.1	freely_estimated_default	MDD_QUEST_PGC2025__ADHD.log	log_parsed
target_auxiliary	psychiatric_target_auxiliary	NA	MDD_QUEST_PGC2025	AN	0.2519	0.042	0.0704	0.0037	0.2494	0.0166	https://figshare.com/articles/dataset/GWAS_summary_statistics_for_major_depression_PGC_MDD2025_/27061255	Watson et al. 2019 anorexia nervosa European summary statistics	NA	0.0477	0.0072	1.0317	0.0116	1.0199	0.0113	FALSE	participant_overlap_unknown_or_unreported	archived_ldsc_log	target-auxiliary overlap was not resolved from the available public source records; LDSC command mode recorded as freely estimated	1.0.1	freely_estimated_default	MDD_QUEST_PGC2025__AN.log	log_parsed
target_auxiliary	psychiatric_target_auxiliary	NA	MDD_QUEST_PGC2025	ANX	0.8049	0.0217	0.0704	0.0037	0.0776	0.0028	https://figshare.com/articles/dataset/GWAS_summary_statistics_for_major_depression_PGC_MDD2025_/27061255	PGC anxiety meta-analysis excluding UTAH; Figshare article 31389910, file 62089324; doi:10.6084/m9.figshare.31389910.v1	NA	0.1467	0.0068	1.0172	0.0091	1.0426	0.0088	FALSE	participant_overlap_unknown_or_unreported	archived_ldsc_log	target-auxiliary overlap was not resolved from the available public source records; LDSC command mode recorded as freely estimated	1.0.1	freely_estimated_default	MDD_QUEST_PGC2025__ANX.log	log_parsed
target_auxiliary	psychiatric_target_auxiliary	NA	MDD_QUEST_PGC2025	ASD	0.3308	0.0456	0.0704	0.0037	0.2035	0.0178	https://figshare.com/articles/dataset/GWAS_summary_statistics_for_major_depression_PGC_MDD2025_/27061255	Grove et al. 2019 ASD European summary statistics	NA	0.0032	0.0071	1.026	0.0106	1.0066	0.0098	FALSE	participant_overlap_unknown_or_unreported	archived_ldsc_log	target-auxiliary overlap was not resolved from the available public source records; LDSC command mode recorded as freely estimated	1.0.1	freely_estimated_default	MDD_QUEST_PGC2025__ASD.log	log_parsed
target_auxiliary	psychiatric_target_auxiliary	NA	MDD_QUEST_PGC2025	AUD	0.3707	0.0248	0.0704	0.0037	0.085	0.0035	https://figshare.com/articles/dataset/GWAS_summary_statistics_for_major_depression_PGC_MDD2025_/27061255	Nature Medicine 2023 European AUD meta-analysis; AUD_EUR_Aug2023.txt.gz	NA	0.0008	0.005	1.0186	0.009	1.0466	0.0069	FALSE	participant_overlap_unknown_or_unreported	archived_ldsc_log	target-auxiliary overlap was not resolved from the available public source records; LDSC command mode recorded as freely estimated	1.0.1	freely_estimated_default	MDD_QUEST_PGC2025__AUD.log	log_parsed
target_auxiliary	psychiatric_target_auxiliary	NA	MDD_QUEST_PGC2025	BD_PGC2021	0.4144	0.028	0.0704	0.0037	0.2788	0.0114	https://figshare.com/articles/dataset/GWAS_summary_statistics_for_major_depression_PGC_MDD2025_/27061255	PGC bipolar disorder 2021 summary statistics	NA	0.0212	0.0071	1.0195	0.0099	1.0317	0.0111	FALSE	participant_overlap_unknown_or_unreported	archived_ldsc_log	target-auxiliary overlap was not resolved from the available public source records; LDSC command mode recorded as freely estimated	1.0.1	freely_estimated_default	MDD_QUEST_PGC2025__BD_PGC2021.log	log_parsed
target_auxiliary	psychiatric_target_auxiliary	NA	MDD_QUEST_PGC2025	CUD_2023_EUR	0.3545	0.0322	0.0704	0.0037	0.0874	0.0045	https://figshare.com/articles/dataset/GWAS_summary_statistics_for_major_depression_PGC_MDD2025_/27061255	2023 European CUD meta-analysis	NA	0.0026	0.0052	1.0155	0.009	0.9932	0.0076	FALSE	participant_overlap_unknown_or_unreported	archived_ldsc_log	target-auxiliary overlap was not resolved from the available public source records; LDSC command mode recorded as freely estimated	1.0.1	freely_estimated_default	MDD_QUEST_PGC2025__CUD_2023_EUR.log	log_parsed
target_auxiliary	psychiatric_target_auxiliary	NA	MDD_QUEST_PGC2025	OCD_2025	0.4433	0.0373	0.0704	0.0037	0.3164	0.0203	https://figshare.com/articles/dataset/GWAS_summary_statistics_for_major_depression_PGC_MDD2025_/27061255	2025 OCD GWAS, non-23andMe leave-UKB-out file	NA	0.0067	0.0054	1.0194	0.009	1.0223	0.0069	FALSE	participant_overlap_unknown_or_unreported	archived_ldsc_log	target-auxiliary overlap was not resolved from the available public source records; LDSC command mode recorded as freely estimated	1.0.1	freely_estimated_default	MDD_QUEST_PGC2025__OCD_2025.log	log_parsed
target_auxiliary	psychiatric_target_auxiliary	NA	MDD_QUEST_PGC2025	PTSD	0.8208	0.0241	0.0704	0.0037	0.0543	0.0023	https://figshare.com/articles/dataset/GWAS_summary_statistics_for_major_depression_PGC_MDD2025_/27061255	PGC PTSD Freeze 3 European case-control; Figshare article 26349322, file 52065146; doi:10.6084/m9.figshare.26349322.v3	NA	0.0791	0.0068	1.0169	0.0094	1.0327	0.0093	FALSE	participant_overlap_unknown_or_unreported	archived_ldsc_log	target-auxiliary overlap was not resolved from the available public source records; LDSC command mode recorded as freely estimated	1.0.1	freely_estimated_default	MDD_QUEST_PGC2025__PTSD.log	log_parsed
target_auxiliary	psychiatric_target_auxiliary	NA	MDD_QUEST_PGC2025	SCZ_PGC2022	0.2579	0.0283	0.0704	0.0037	0.3876	0.0136	https://figshare.com/articles/dataset/GWAS_summary_statistics_for_major_depression_PGC_MDD2025_/27061255	PGC schizophrenia wave 3 European summary statistics	https://figshare.com/articles/dataset/scz2022/19426775/7	0.0136	0.0077	1.0186	0.0096	1.074	0.0152	FALSE	participant_overlap_unknown_or_unreported	archived_ldsc_log	target-auxiliary overlap was not resolved from the available public source records; LDSC command mode recorded as freely estimated	1.0.1	freely_estimated_default	MDD_QUEST_PGC2025__SCZ_PGC2022.log	log_parsed
target_auxiliary	psychiatric_target_auxiliary	NA	SCZ_FINNGEN_R13	ADHD	-0.0148	0.0504	0.13	0.0185	0.164	0.0073	https://r13.risteys.finngen.fi/endpoints/F5_SCHZPHR	PGC ADHD 2023 European release; Figshare file 40036684	NA	0.0042	0.0053	1.0397	0.0081	1.0264	0.0098	FALSE	participant_overlap_unknown_or_unreported	archived_ldsc_log	target-auxiliary overlap was not resolved from the available public source records; LDSC command mode recorded as freely estimated	1.0.1	freely_estimated_default	SCZ_FINNGEN_R13__ADHD.log	log_parsed
target_auxiliary	psychiatric_target_auxiliary	NA	SCZ_FINNGEN_R13	AN	0.1552	0.0611	0.13	0.0185	0.2494	0.0166	https://r13.risteys.finngen.fi/endpoints/F5_SCHZPHR	Watson et al. 2019 anorexia nervosa European summary statistics	NA	0.0001	0.0062	1.0368	0.009	1.0213	0.0113	FALSE	participant_overlap_unknown_or_unreported	archived_ldsc_log	target-auxiliary overlap was not resolved from the available public source records; LDSC command mode recorded as freely estimated	1.0.1	freely_estimated_default	SCZ_FINNGEN_R13__AN.log	log_parsed
target_auxiliary	psychiatric_target_auxiliary	NA	SCZ_FINNGEN_R13	ANX	0.2193	0.0467	0.13	0.0185	0.0776	0.0028	https://r13.risteys.finngen.fi/endpoints/F5_SCHZPHR	PGC anxiety meta-analysis excluding UTAH; Figshare article 31389910, file 62089324; doi:10.6084/m9.figshare.31389910.v1	NA	-0.0073	0.0052	1.0395	0.0072	1.0453	0.0093	FALSE	participant_overlap_unknown_or_unreported	archived_ldsc_log	target-auxiliary overlap was not resolved from the available public source records; LDSC command mode recorded as freely estimated	1.0.1	freely_estimated_default	SCZ_FINNGEN_R13__ANX.log	log_parsed
target_auxiliary	psychiatric_target_auxiliary	NA	SCZ_FINNGEN_R13	ASD	0.1942	0.0931	0.13	0.0185	0.2035	0.0178	https://r13.risteys.finngen.fi/endpoints/F5_SCHZPHR	Grove et al. 2019 ASD European summary statistics	NA	0.0031	0.0064	1.0405	0.0091	1.0084	0.0099	FALSE	participant_overlap_unknown_or_unreported	archived_ldsc_log	target-auxiliary overlap was not resolved from the available public source records; LDSC command mode recorded as freely estimated	1.0.1	freely_estimated_default	SCZ_FINNGEN_R13__ASD.log	log_parsed
target_auxiliary	psychiatric_target_auxiliary	NA	SCZ_FINNGEN_R13	AUD	0.1803	0.0518	0.13	0.0185	0.085	0.0035	https://r13.risteys.finngen.fi/endpoints/F5_SCHZPHR	Nature Medicine 2023 European AUD meta-analysis; AUD_EUR_Aug2023.txt.gz	NA	0.0112	0.0049	1.0397	0.0073	1.0463	0.0069	FALSE	participant_overlap_unknown_or_unreported	archived_ldsc_log	target-auxiliary overlap was not resolved from the available public source records; LDSC command mode recorded as freely estimated	1.0.1	freely_estimated_default	SCZ_FINNGEN_R13__AUD.log	log_parsed
target_auxiliary	psychiatric_target_auxiliary	NA	SCZ_FINNGEN_R13	BD_PGC2021	0.5346	0.0566	0.13	0.0185	0.2788	0.0114	https://r13.risteys.finngen.fi/endpoints/F5_SCHZPHR	PGC bipolar disorder 2021 summary statistics	NA	0.023	0.0062	1.0394	0.0083	1.0368	0.0114	FALSE	participant_overlap_unknown_or_unreported	archived_ldsc_log	target-auxiliary overlap was not resolved from the available public source records; LDSC command mode recorded as freely estimated	1.0.1	freely_estimated_default	SCZ_FINNGEN_R13__BD_PGC2021.log	log_parsed
target_auxiliary	psychiatric_target_auxiliary	NA	SCZ_FINNGEN_R13	CUD_2023_EUR	0.1403	0.0548	0.13	0.0185	0.0874	0.0045	https://r13.risteys.finngen.fi/endpoints/F5_SCHZPHR	2023 European CUD meta-analysis	NA	0.0037	0.0044	1.0375	0.0068	0.9905	0.0078	FALSE	participant_overlap_unknown_or_unreported	archived_ldsc_log	target-auxiliary overlap was not resolved from the available public source records; LDSC command mode recorded as freely estimated	1.0.1	freely_estimated_default	SCZ_FINNGEN_R13__CUD_2023_EUR.log	log_parsed
target_auxiliary	psychiatric_target_auxiliary	NA	SCZ_FINNGEN_R13	MDD_CLIN_PGC2025	0.2595	0.0909	0.13	0.0185	0.095	0.0096	https://r13.risteys.finngen.fi/endpoints/F5_SCHZPHR	PGC MDD2025 clinical/interview European summary statistics	https://figshare.com/articles/dataset/GWAS_summary_statistics_for_major_depression_PGC_MDD2025_/27061255	-0.001	0.0054	1.0411	0.0086	1.0135	0.0076	FALSE	participant_overlap_unknown_or_unreported	archived_ldsc_log	target-auxiliary overlap was not resolved from the available public source records; LDSC command mode recorded as freely estimated	1.0.1	freely_estimated_default	SCZ_FINNGEN_R13__MDD_CLIN_PGC2025.log	log_parsed
target_auxiliary	psychiatric_target_auxiliary	NA	SCZ_FINNGEN_R13	OCD_2025	0.28	0.07	0.13	0.0185	0.3164	0.0203	https://r13.risteys.finngen.fi/endpoints/F5_SCHZPHR	2025 OCD GWAS, non-23andMe leave-UKB-out file	NA	0.0113	0.0053	1.0382	0.008	1.0242	0.0069	FALSE	participant_overlap_unknown_or_unreported	archived_ldsc_log	target-auxiliary overlap was not resolved from the available public source records; LDSC command mode recorded as freely estimated	1.0.1	freely_estimated_default	SCZ_FINNGEN_R13__OCD_2025.log	log_parsed
target_auxiliary	psychiatric_target_auxiliary	NA	SCZ_FINNGEN_R13	PTSD	0.1599	0.0522	0.13	0.0185	0.0543	0.0023	https://r13.risteys.finngen.fi/endpoints/F5_SCHZPHR	PGC PTSD Freeze 3 European case-control; Figshare article 26349322, file 52065146; doi:10.6084/m9.figshare.26349322.v3	NA	0.0005	0.0058	1.0388	0.0077	1.0361	0.0099	FALSE	participant_overlap_unknown_or_unreported	archived_ldsc_log	target-auxiliary overlap was not resolved from the available public source records; LDSC command mode recorded as freely estimated	1.0.1	freely_estimated_default	SCZ_FINNGEN_R13__PTSD.log	log_parsed
target_auxiliary	psychiatric_target_auxiliary	NA	SCZ_FINNGEN_R13_EXMORE	MDD_CLIN_PGC2025	0.563428226238211	0.0681164020260329	0.1363556618031	0.0127609820917577	0.095	0.0096	https://r13.risteys.finngen.fi/endpoints/KRA_PSY_SCHIZODEL_EXMORE	PGC MDD2025 clinical/interview European summary statistics	https://figshare.com/articles/dataset/GWAS_summary_statistics_for_major_depression_PGC_MDD2025_/27061255	0.0012	0.0061	1.0615	0.0095	1.0136	0.0076	FALSE	participant_overlap_unknown_or_unreported	archived_ldsc_log	target-auxiliary overlap was not resolved from the available public source records; LDSC command mode recorded as freely estimated	1.0.1	freely_estimated_default	SCZ_FINNGEN_R13_EXMORE__MDD_CLIN_PGC2025.log	log_parsed
target_auxiliary	psychiatric_target_auxiliary	NA	SCZ_FINNGEN_R13_EXMORE	BD_PGC2021	0.695763941235493	0.045155943541437	0.1363556618031	0.0127609820917577	0.2788	0.0114	https://r13.risteys.finngen.fi/endpoints/KRA_PSY_SCHIZODEL_EXMORE	PGC bipolar disorder 2021 summary statistics	NA	0.0273	0.0071	1.0623	0.0089	1.0367	0.0114	FALSE	participant_overlap_unknown_or_unreported	archived_ldsc_log	target-auxiliary overlap was not resolved from the available public source records; LDSC command mode recorded as freely estimated	1.0.1	freely_estimated_default	SCZ_FINNGEN_R13_EXMORE__BD_PGC2021.log	log_parsed
target_auxiliary	psychiatric_target_auxiliary	NA	SCZ_FINNGEN_R13_EXMORE	PTSD	0.436481410569969	0.0397718930933202	0.1363556618031	0.0127609820917577	0.0543	0.0023	https://r13.risteys.finngen.fi/endpoints/KRA_PSY_SCHIZODEL_EXMORE	PGC PTSD Freeze 3 European case-control; Figshare article 26349322, file 52065146; doi:10.6084/m9.figshare.26349322.v3	NA	0.039	0.0067	1.0629	0.0089	1.036	0.0099	FALSE	participant_overlap_unknown_or_unreported	archived_ldsc_log	target-auxiliary overlap was not resolved from the available public source records; LDSC command mode recorded as freely estimated	1.0.1	freely_estimated_default	SCZ_FINNGEN_R13_EXMORE__PTSD.log	log_parsed
target_auxiliary	psychiatric_target_auxiliary	NA	SCZ_FINNGEN_R13_EXMORE	ANX	0.482008419277561	0.0397588414300164	0.1363556618031	0.0127609820917577	0.0776	0.0028	https://r13.risteys.finngen.fi/endpoints/KRA_PSY_SCHIZODEL_EXMORE	PGC anxiety meta-analysis excluding UTAH; Figshare article 31389910, file 62089324; doi:10.6084/m9.figshare.31389910.v1	NA	0.0291	0.0056	1.0601	0.0082	1.0452	0.0093	FALSE	participant_overlap_unknown_or_unreported	archived_ldsc_log	target-auxiliary overlap was not resolved from the available public source records; LDSC command mode recorded as freely estimated	1.0.1	freely_estimated_default	SCZ_FINNGEN_R13_EXMORE__ANX.log	log_parsed
target_auxiliary	psychiatric_target_auxiliary	NA	SCZ_FINNGEN_R13_EXMORE	ADHD	0.246406550151929	0.0396399018002408	0.1363556618031	0.0127609820917577	0.164	0.0073	https://r13.risteys.finngen.fi/endpoints/KRA_PSY_SCHIZODEL_EXMORE	PGC ADHD 2023 European release; Figshare file 40036684	NA	-7.7258e-05	0.0062	1.0592	0.0087	1.0267	0.0098	FALSE	participant_overlap_unknown_or_unreported	archived_ldsc_log	target-auxiliary overlap was not resolved from the available public source records; LDSC command mode recorded as freely estimated	1.0.1	freely_estimated_default	SCZ_FINNGEN_R13_EXMORE__ADHD.log	log_parsed
target_auxiliary	psychiatric_target_auxiliary	NA	SCZ_FINNGEN_R13_EXMORE	ASD	0.306123076448567	0.0556554440518811	0.1363556618031	0.0127609820917577	0.2035	0.0178	https://r13.risteys.finngen.fi/endpoints/KRA_PSY_SCHIZODEL_EXMORE	Grove et al. 2019 ASD European summary statistics	NA	0.0003	0.0065	1.0589	0.0105	1.0085	0.0099	FALSE	participant_overlap_unknown_or_unreported	archived_ldsc_log	target-auxiliary overlap was not resolved from the available public source records; LDSC command mode recorded as freely estimated	1.0.1	freely_estimated_default	SCZ_FINNGEN_R13_EXMORE__ASD.log	log_parsed
target_auxiliary	psychiatric_target_auxiliary	NA	SCZ_FINNGEN_R13_EXMORE	OCD_2025	0.380110462171966	0.049260500589444	0.1363556618031	0.0127609820917577	0.3164	0.0203	https://r13.risteys.finngen.fi/endpoints/KRA_PSY_SCHIZODEL_EXMORE	2025 OCD GWAS, non-23andMe leave-UKB-out file	NA	0.0271	0.0058	1.0583	0.0081	1.0243	0.007	FALSE	participant_overlap_unknown_or_unreported	archived_ldsc_log	target-auxiliary overlap was not resolved from the available public source records; LDSC command mode recorded as freely estimated	1.0.1	freely_estimated_default	SCZ_FINNGEN_R13_EXMORE__OCD_2025.log	log_parsed
target_auxiliary	psychiatric_target_auxiliary	NA	SCZ_FINNGEN_R13_EXMORE	AN	0.274003780036243	0.0442808215166942	0.1363556618031	0.0127609820917577	0.2494	0.0166	https://r13.risteys.finngen.fi/endpoints/KRA_PSY_SCHIZODEL_EXMORE	Watson et al. 2019 anorexia nervosa European summary statistics	NA	0.0015	0.007	1.0538	0.0109	1.0213	0.0113	FALSE	participant_overlap_unknown_or_unreported	archived_ldsc_log	target-auxiliary overlap was not resolved from the available public source records; LDSC command mode recorded as freely estimated	1.0.1	freely_estimated_default	SCZ_FINNGEN_R13_EXMORE__AN.log	log_parsed
target_auxiliary	psychiatric_target_auxiliary	NA	SCZ_FINNGEN_R13_EXMORE	AUD	0.378439017448819	0.0494975803277184	0.1363556618031	0.0127609820917577	0.085	0.0035	https://r13.risteys.finngen.fi/endpoints/KRA_PSY_SCHIZODEL_EXMORE	Nature Medicine 2023 European AUD meta-analysis; AUD_EUR_Aug2023.txt.gz	NA	0.0625	0.0056	1.061	0.0087	1.0462	0.0069	FALSE	participant_overlap_unknown_or_unreported	archived_ldsc_log	target-auxiliary overlap was not resolved from the available public source records; LDSC command mode recorded as freely estimated	1.0.1	freely_estimated_default	SCZ_FINNGEN_R13_EXMORE__AUD.log	log_parsed
target_auxiliary	psychiatric_target_auxiliary	NA	SCZ_FINNGEN_R13_EXMORE	CUD_2023_EUR	0.33388434207416	0.0399384157293063	0.1363556618031	0.0127609820917577	0.0874	0.0045	https://r13.risteys.finngen.fi/endpoints/KRA_PSY_SCHIZODEL_EXMORE	2023 European CUD meta-analysis	NA	0.0032	0.0046	1.0597	0.0082	0.9905	0.0078	FALSE	participant_overlap_unknown_or_unreported	archived_ldsc_log	target-auxiliary overlap was not resolved from the available public source records; LDSC command mode recorded as freely estimated	1.0.1	freely_estimated_default	SCZ_FINNGEN_R13_EXMORE__CUD_2023_EUR.log	log_parsed
target_auxiliary	psychiatric_target_auxiliary	NA	SCZ_PGC2022	ADHD	0.196801714427714	0.0207528432976333	0.3876	0.0136	0.164	0.0073	https://figshare.com/articles/dataset/scz2022/19426775/7	PGC ADHD 2023 European release; Figshare file 40036684	NA	0.0359	0.0084	1.0793	0.0167	1.0252	0.01	FALSE	participant_overlap_unknown_or_unreported	archived_ldsc_log	target-auxiliary overlap was not resolved from the available public source records; LDSC command mode recorded as freely estimated	1.0.1	freely_estimated_default	SCZ_PGC2022__ADHD.log	log_parsed
target_auxiliary	psychiatric_target_auxiliary	NA	SCZ_PGC2022	AN	0.230660072755734	0.0264105495313085	0.3876	0.0136	0.2494	0.0166	https://figshare.com/articles/dataset/scz2022/19426775/7	Watson et al. 2019 anorexia nervosa European summary statistics	NA	0.0602	0.0101	1.0811	0.0186	1.0224	0.0111	FALSE	participant_overlap_unknown_or_unreported	archived_ldsc_log	target-auxiliary overlap was not resolved from the available public source records; LDSC command mode recorded as freely estimated	1.0.1	freely_estimated_default	SCZ_PGC2022__AN.log	log_parsed
target_auxiliary	psychiatric_target_auxiliary	NA	SCZ_PGC2022	ANX	0.416892414759663	0.022857194214721	0.3876	0.0136	0.0776	0.0028	https://figshare.com/articles/dataset/scz2022/19426775/7	PGC anxiety meta-analysis excluding UTAH; Figshare article 31389910, file 62089324; doi:10.6084/m9.figshare.31389910.v1	NA	0.0357	0.0085	1.0762	0.0151	1.0423	0.0104	FALSE	participant_overlap_unknown_or_unreported	archived_ldsc_log	target-auxiliary overlap was not resolved from the available public source records; LDSC command mode recorded as freely estimated	1.0.1	freely_estimated_default	SCZ_PGC2022__ANX.log	log_parsed
target_auxiliary	psychiatric_target_auxiliary	NA	SCZ_PGC2022	ASD	0.252035771615213	0.0297823952483794	0.3876	0.0136	0.2035	0.0178	https://figshare.com/articles/dataset/scz2022/19426775/7	Grove et al. 2019 ASD European summary statistics	NA	0.0235	0.0091	1.1193	0.0191	1.0038	0.0099	FALSE	participant_overlap_unknown_or_unreported	archived_ldsc_log	target-auxiliary overlap was not resolved from the available public source records; LDSC command mode recorded as freely estimated	1.0.1	freely_estimated_default	SCZ_PGC2022__ASD.log	log_parsed
target_auxiliary	psychiatric_target_auxiliary	NA	SCZ_PGC2022	AUD	0.355520443712622	0.0236679403382704	0.3876	0.0136	0.085	0.0035	https://figshare.com/articles/dataset/scz2022/19426775/7	Nature Medicine 2023 European AUD meta-analysis; AUD_EUR_Aug2023.txt.gz	NA	0.0351	0.0064	1.0753	0.0154	1.0431	0.0069	FALSE	participant_overlap_unknown_or_unreported	archived_ldsc_log	target-auxiliary overlap was not resolved from the available public source records; LDSC command mode recorded as freely estimated	1.0.1	freely_estimated_default	SCZ_PGC2022__AUD.log	log_parsed
target_auxiliary	psychiatric_target_auxiliary	NA	SCZ_PGC2022	BD_PGC2021	0.67611143650925	0.0243513239384979	0.3876	0.0136	0.2788	0.0114	https://figshare.com/articles/dataset/scz2022/19426775/7	PGC bipolar disorder 2021 summary statistics	NA	0.2134	0.0087	1.0864	0.0159	1.0313	0.0111	FALSE	participant_overlap_unknown_or_unreported	archived_ldsc_log	target-auxiliary overlap was not resolved from the available public source records; LDSC command mode recorded as freely estimated	1.0.1	freely_estimated_default	SCZ_PGC2022__BD_PGC2021.log	log_parsed
target_auxiliary	psychiatric_target_auxiliary	NA	SCZ_PGC2022	CUD_2023_EUR	0.372816070699899	0.0259681775786823	0.3876	0.0136	0.0874	0.0045	https://figshare.com/articles/dataset/scz2022/19426775/7	2023 European CUD meta-analysis	NA	0.0083	0.0068	1.0756	0.015	0.993	0.009	FALSE	participant_overlap_unknown_or_unreported	archived_ldsc_log	target-auxiliary overlap was not resolved from the available public source records; LDSC command mode recorded as freely estimated	1.0.1	freely_estimated_default	SCZ_PGC2022__CUD_2023_EUR.log	log_parsed
target_auxiliary	psychiatric_target_auxiliary	NA	SCZ_PGC2022	MDD_CLIN_PGC2025	0.405927957115284	0.036497316461509	0.3876	0.0136	0.095	0.0096	https://figshare.com/articles/dataset/scz2022/19426775/7	PGC MDD2025 clinical/interview European summary statistics	https://figshare.com/articles/dataset/GWAS_summary_statistics_for_major_depression_PGC_MDD2025_/27061255	0.1108	0.0065	1.0773	0.0166	1.0131	0.0073	FALSE	participant_overlap_unknown_or_unreported	archived_ldsc_log	target-auxiliary overlap was not resolved from the available public source records; LDSC command mode recorded as freely estimated	1.0.1	freely_estimated_default	SCZ_PGC2022__MDD_CLIN_PGC2025.log	log_parsed
target_auxiliary	psychiatric_target_auxiliary	NA	SCZ_PGC2022	OCD_2025	0.393778064763725	0.0279613128665526	0.3876	0.0136	0.3164	0.0203	https://figshare.com/articles/dataset/scz2022/19426775/7	2025 OCD GWAS, non-23andMe leave-UKB-out file	NA	0.0293	0.0082	1.0777	0.0165	1.022	0.0075	FALSE	participant_overlap_unknown_or_unreported	archived_ldsc_log	target-auxiliary overlap was not resolved from the available public source records; LDSC command mode recorded as freely estimated	1.0.1	freely_estimated_default	SCZ_PGC2022__OCD_2025.log	log_parsed
target_auxiliary	psychiatric_target_auxiliary	NA	SCZ_PGC2022	PTSD	0.371885567001856	0.0235936979114614	0.3876	0.0136	0.0543	0.0023	https://figshare.com/articles/dataset/scz2022/19426775/7	PGC PTSD Freeze 3 European case-control; Figshare article 26349322, file 52065146; doi:10.6084/m9.figshare.26349322.v3	NA	0.0327	0.0087	1.0803	0.0158	1.0335	0.0106	FALSE	participant_overlap_unknown_or_unreported	archived_ldsc_log	target-auxiliary overlap was not resolved from the available public source records; LDSC command mode recorded as freely estimated	1.0.1	freely_estimated_default	SCZ_PGC2022__PTSD.log	log_parsed
target_target	psychiatric	MDD	MDD_CLIN_PGC2025	MDD_EHR_PGC2025	0.8594	0.0455	0.095	0.0096	0.0474	0.0016	https://figshare.com/articles/dataset/GWAS_summary_statistics_for_major_depression_PGC_MDD2025_/27061255	NA	https://figshare.com/articles/dataset/GWAS_summary_statistics_for_major_depression_PGC_MDD2025_/27061255	0.0154	0.0081	1.0137	0.0078	1.0221	0.014	FALSE	participant_overlap_not_reported_in_log; source records kept separate	archived_ldsc_log	parsed from archived LDSC pairwise log; intercepts freely estimated unless command indicates a constraint	1.0.1	freely_estimated_default	MDD_CLIN_PGC2025__MDD_EHR_PGC2025.log	log_parsed
target_target	psychiatric	MDD	MDD_CLIN_PGC2025	MDD_QUEST_PGC2025	0.8663	0.0514	0.095	0.0096	0.0704	0.0037	https://figshare.com/articles/dataset/GWAS_summary_statistics_for_major_depression_PGC_MDD2025_/27061255	NA	https://figshare.com/articles/dataset/GWAS_summary_statistics_for_major_depression_PGC_MDD2025_/27061255	0.0082	0.0066	1.0128	0.0075	1.0211	0.0105	FALSE	participant_overlap_not_reported_in_log; source records kept separate	archived_ldsc_log	parsed from archived LDSC pairwise log; intercepts freely estimated unless command indicates a constraint	1.0.1	freely_estimated_default	MDD_CLIN_PGC2025__MDD_QUEST_PGC2025.log	log_parsed
target_target	psychiatric	MDD	MDD_CLIN_PGC2025	MDD_FINNGEN_R13	0.8297	0.0445	0.095	0.0096	0.041	0.0021	https://figshare.com/articles/dataset/GWAS_summary_statistics_for_major_depression_PGC_MDD2025_/27061255	NA	https://r13.risteys.finngen.fi/endpoints/F5_DEPRESSIO	0.0032	0.0071	1.0136	0.0076	1.1232	0.0126	FALSE	participant_overlap_not_reported_in_log; source records kept separate	archived_ldsc_log	parsed from archived LDSC pairwise log; intercepts freely estimated unless command indicates a constraint	1.0.1	freely_estimated_default	MDD_CLIN_PGC2025__MDD_FINNGEN_R13.log	log_parsed
target_target	psychiatric	MDD	MDD_EHR_PGC2025	MDD_QUEST_PGC2025	0.8794	0.0219	0.0474	0.0016	0.0704	0.0037	https://figshare.com/articles/dataset/GWAS_summary_statistics_for_major_depression_PGC_MDD2025_/27061255	NA	https://figshare.com/articles/dataset/GWAS_summary_statistics_for_major_depression_PGC_MDD2025_/27061255	0.0238	0.008	1.0316	0.0127	1.021	0.0097	FALSE	participant_overlap_not_reported_in_log; source records kept separate	archived_ldsc_log	parsed from archived LDSC pairwise log; intercepts freely estimated unless command indicates a constraint	1.0.1	freely_estimated_default	MDD_EHR_PGC2025__MDD_QUEST_PGC2025.log	log_parsed
target_target	psychiatric	MDD	MDD_EHR_PGC2025	MDD_FINNGEN_R13	0.8575	0.0188	0.0474	0.0016	0.041	0.0021	https://figshare.com/articles/dataset/GWAS_summary_statistics_for_major_depression_PGC_MDD2025_/27061255	NA	https://r13.risteys.finngen.fi/endpoints/F5_DEPRESSIO	0.2183	0.0093	1.0326	0.013	1.1211	0.0116	FALSE	participant_overlap_not_reported_in_log; source records kept separate	archived_ldsc_log	parsed from archived LDSC pairwise log; intercepts freely estimated unless command indicates a constraint	1.0.1	freely_estimated_default	MDD_EHR_PGC2025__MDD_FINNGEN_R13.log	log_parsed
target_target	psychiatric	MDD	MDD_QUEST_PGC2025	MDD_FINNGEN_R13	0.7839	0.0287	0.0704	0.0037	0.041	0.0021	https://figshare.com/articles/dataset/GWAS_summary_statistics_for_major_depression_PGC_MDD2025_/27061255	NA	https://r13.risteys.finngen.fi/endpoints/F5_DEPRESSIO	0.0024	0.0072	1.0132	0.0089	1.121	0.0108	FALSE	participant_overlap_not_reported_in_log; source records kept separate	archived_ldsc_log	parsed from archived LDSC pairwise log; intercepts freely estimated unless command indicates a constraint	1.0.1	freely_estimated_default	MDD_QUEST_PGC2025__MDD_FINNGEN_R13.log	log_parsed
target_target	psychiatric	BD	BD_CLIN_PGC4	BD_FINNGEN_R13	0.8435	0.0563	0.3502	0.0168	0.1497	0.016	https://figshare.com/articles/dataset/bip2024/27216117	NA	https://r13.risteys.finngen.fi/endpoints/F5_BIPO	0.0007	0.0058	1.0255	0.0098	1.0593	0.0097	FALSE	participant_overlap_not_reported_in_log; source records kept separate	archived_ldsc_log	parsed from archived LDSC pairwise log; intercepts freely estimated unless command indicates a constraint	1.0.1	freely_estimated_default	BD_CLIN_PGC4__BD_FINNGEN_R13.log	log_parsed
target_target	psychiatric	BD	BD_PGC2021	BD_FINNGEN_R13	0.8846	0.0531	0.2788	0.0114	0.1497	0.016	NA	NA	https://r13.risteys.finngen.fi/endpoints/F5_BIPO	0.0028	0.0063	1.0367	0.0114	1.0594	0.0094	FALSE	participant_overlap_not_reported_in_log; source records kept separate	archived_ldsc_log	parsed from archived LDSC pairwise log; intercepts freely estimated unless command indicates a constraint	1.0.1	freely_estimated_default	BD_PGC2021__BD_FINNGEN_R13.log	log_parsed
target_target	psychiatric	SCZ	SCZ_PGC2022	SCZ_FINNGEN_R13	0.9554	0.0673	0.3876	0.0136	0.13	0.0185	https://figshare.com/articles/dataset/scz2022/19426775/7	NA	https://r13.risteys.finngen.fi/endpoints/F5_SCHZPHR	0.0153	0.0073	1.0786	0.0161	1.0412	0.0081	FALSE	participant_overlap_not_reported_in_log; source records kept separate	archived_ldsc_log	parsed from archived LDSC pairwise log; intercepts freely estimated unless command indicates a constraint	1.0.1	freely_estimated_default	SCZ_PGC2022__SCZ_FINNGEN_R13.log	log_parsed
target_target	neurological	AD	AD_GCST90704646_MAIN	AD_GCST90704647_NOPROXY	1.0019	0.0069	0.0726	0.0103	0.0767	0.0109	https://www.nature.com/articles/s41588-026-02583-1	NA	https://www.nature.com/articles/s41588-026-02583-1	1.0367	0.1005	1.1881	0.105	1.1743	0.0961	FALSE	participant_overlap_not_reported_in_log; source records kept separate	archived_ldsc_log	parsed from archived LDSC pairwise log; intercepts freely estimated unless command indicates a constraint	1.0.1	freely_estimated_default	AD_GCST90704646_MAIN__AD_GCST90704647_NOPROXY.log	log_parsed
target_target	neurological	AD	AD_GCST90704646_MAIN	AD_GCST90704648_NOBIOBANK	0.9731	0.0149	0.0726	0.0103	0.0971	0.0145	https://www.nature.com/articles/s41588-026-02583-1	NA	https://www.nature.com/articles/s41588-026-02583-1	0.8986	0.0807	1.1895	0.1052	1.1352	0.0639	FALSE	participant_overlap_not_reported_in_log; source records kept separate	archived_ldsc_log	parsed from archived LDSC pairwise log; intercepts freely estimated unless command indicates a constraint	1.0.1	freely_estimated_default	AD_GCST90704646_MAIN__AD_GCST90704648_NOBIOBANK.log	log_parsed
target_target	neurological	AD	AD_GCST90704647_NOPROXY	AD_GCST90704648_NOBIOBANK	0.9869	0.0102	0.0767	0.0109	0.0971	0.0145	https://www.nature.com/articles/s41588-026-02583-1	NA	https://www.nature.com/articles/s41588-026-02583-1	0.9633	0.0768	1.1753	0.0961	1.135	0.0639	FALSE	participant_overlap_not_reported_in_log; source records kept separate	archived_ldsc_log	parsed from archived LDSC pairwise log; intercepts freely estimated unless command indicates a constraint	1.0.1	freely_estimated_default	AD_GCST90704647_NOPROXY__AD_GCST90704648_NOBIOBANK.log	log_parsed
target_target	neurological	Epilepsy	EPILEPSY_ILAE2023_EUR	EPILEPSY_EHR_META_2OF3	0.7558	0.0725	0.1106	0.013	0.0609	0.0057	https://www.ebi.ac.uk/gwas/studies/GCST90271611	NA	Derived analysis; component sources listed in this table	NA	NA	NA	NA	NA	NA	FALSE	participant_overlap_unknown_or_unreported	not_archived_in_current_project	intercept not recoverable from current archive; LDSC command mode recorded as freely estimated	NA	freely_estimated_default	NA	log_unavailable
target_target	neurological	Epilepsy	EPILEPSY_ILAE2023_EUR	EPILEPSY_EHR_META_3OF3	0.7477	0.0756	0.1106	0.013	0.0603	0.006	https://www.ebi.ac.uk/gwas/studies/GCST90271611	NA	Derived analysis; component sources listed in this table	NA	NA	NA	NA	NA	NA	FALSE	participant_overlap_unknown_or_unreported	not_archived_in_current_project	intercept not recoverable from current archive; LDSC command mode recorded as freely estimated	NA	freely_estimated_default	NA	log_unavailable
target_target	neurological	Epilepsy	EPILEPSY_ILAE2023_EUR	EPILEPSY_FINNGEN_R13	0.7454	0.0898	0.1106	0.013	0.0704	0.0106	https://www.ebi.ac.uk/gwas/studies/GCST90271611	NA	https://r13.risteys.finngen.fi/endpoints/G6_EPLEPSY	-0.0032	0.0074	1.1037	0.0117	1.017	0.0111	FALSE	participant_overlap_not_reported_in_log; source records kept separate	archived_ldsc_log	parsed from archived LDSC pairwise log; intercepts freely estimated unless command indicates a constraint	1.0.1	freely_estimated_default	EPILEPSY_ILAE2023_EUR__EPILEPSY_FINNGEN_R13.log	log_parsed
target_target	psychiatric_sensitivity	SCZ	SCZ_FINNGEN_R13_EXMORE	SCZ_PGC2022	0.8677	0.0372	0.1363556618031	0.0127609820917577	0.3876	0.0136	https://r13.risteys.finngen.fi/endpoints/KRA_PSY_SCHIZODEL_EXMORE	PGC schizophrenia wave 3 European summary statistics	https://figshare.com/articles/dataset/scz2022/19426775/7	0.0219	0.0087	1.0607	0.0088	1.0786	0.0161	FALSE	participant_overlap_not_reported_in_log; source records kept separate	archived_ldsc_log	parsed from archived LDSC pairwise log; intercepts freely estimated unless command indicates a constraint	1.0.1	freely_estimated_default	SCZ_FINNGEN_R13_EXMORE__SCZ_PGC2022.log	log_parsed
target_target	psychiatric_sensitivity	SCZ	SCZ_FINNGEN_R13_EXMORE	SCZ_FINNGEN_R13	0.8955	0.0481	0.1363556618031	0.0127609820917577	0.13	0.0185	https://r13.risteys.finngen.fi/endpoints/KRA_PSY_SCHIZODEL_EXMORE	NA	https://r13.risteys.finngen.fi/endpoints/F5_SCHZPHR	0.498	0.0063	1.0593	0.0082	1.0373	0.0067	FALSE	documented_shared_FinnGen_cohorts_and_cases	archived_ldsc_log	parsed from archived LDSC pairwise log; intercepts freely estimated unless command indicates a constraint	1.0.1	freely_estimated_default	SCZ_FINNGEN_R13_EXMORE__SCZ_FINNGEN_R13.log	log_parsed
