record_type	record_id	annotation_class	published_label	source_label	source_protocol	n_input_annotations	n_s_ldsc_matrices	n_tested_rows	n_finite_p	n_significant_168	n_significant_155	n_significant_984	n_significant_984_warning_free	n_warning_rows	n_error_rows	notes
run_summary	D6B				Grotzinger et al. 2022 PI/brain-cell annotation protocol	210	197	984	894	78	78	54	27	432	0	200 LDSC blocks; the primary extended family is 164 analyzable annotations × 6 covariance parameters = 984 tests (alpha = 0.05/984). The published 0.05/168 and covariance-protocol 0.05/155 thresholds are retained as protocol sensitivities; baseline continuous/flanking annotations were retained for conditioning and excluded from enrichment output.
class_summary	baseline	baseline				97		306	252	12	12	9	6	174	0	Annotation family summary after official enrich() exclusions.
class_summary	expression	expression				24		144	144	0	0	0	0	0	0	Annotation family summary after official enrich() exclusions.
class_summary	chromatin	chromatin				60		360	342	36	36	28	12	192	0	Annotation family summary after official enrich() exclusions.
class_summary	custom	custom				29		174	156	30	30	17	9	66	0	Annotation family summary after official enrich() exclusions.
target_summary	F_COMP~~SCZ_PGC				PGC SCZ			164	149	34	34	23	10	72	0	Six annotation-dependent COMP, INT and SUD covariance parameters were evaluated.
target_summary	F_INT~~SCZ_PGC				PGC SCZ			164	149	33	33	24	13	72	0	Six annotation-dependent COMP, INT and SUD covariance parameters were evaluated.
target_summary	F_SUD~~SCZ_PGC				PGC SCZ			164	149	11	11	7	4	72	0	Six annotation-dependent COMP, INT and SUD covariance parameters were evaluated.
target_summary	F_COMP~~SCZ_FG				FinnGen SCZ			164	149	0	0	0	0	72	0	Six annotation-dependent COMP, INT and SUD covariance parameters were evaluated.
target_summary	F_INT~~SCZ_FG				FinnGen SCZ			164	149	0	0	0	0	72	0	Six annotation-dependent COMP, INT and SUD covariance parameters were evaluated.
target_summary	F_SUD~~SCZ_FG				FinnGen SCZ			164	149	0	0	0	0	72	0	Six annotation-dependent COMP, INT and SUD covariance parameters were evaluated.
annotation_provenance	PI Genes	custom	PI Genes	PI	Grotzinger et al. 2022, Supplementary Table 10	1										Published PI, brain-cell or PI × brain-cell annotation; custom annotation reconstructed with the reference protocol.
annotation_provenance	ASC1	custom	ASC1	ASC1	Grotzinger et al. 2022, Supplementary Table 10	1										Published PI, brain-cell or PI × brain-cell annotation; custom annotation reconstructed with the reference protocol.
annotation_provenance	ASC2	custom	ASC2	ASC2	Grotzinger et al. 2022, Supplementary Table 10	1										Published PI, brain-cell or PI × brain-cell annotation; custom annotation reconstructed with the reference protocol.
annotation_provenance	Endothelial Cells	custom	Endothelial Cells	END	Grotzinger et al. 2022, Supplementary Table 10	1										Published PI, brain-cell or PI × brain-cell annotation; custom annotation reconstructed with the reference protocol.
annotation_provenance	exCA1	custom	exCA1	exCA1	Grotzinger et al. 2022, Supplementary Table 10	1										Published PI, brain-cell or PI × brain-cell annotation; custom annotation reconstructed with the reference protocol.
annotation_provenance	exCA3	custom	exCA3	exCA3	Grotzinger et al. 2022, Supplementary Table 10	1										Published PI, brain-cell or PI × brain-cell annotation; custom annotation reconstructed with the reference protocol.
annotation_provenance	exDG	custom	exDG	exDG	Grotzinger et al. 2022, Supplementary Table 10	1										Published PI, brain-cell or PI × brain-cell annotation; custom annotation reconstructed with the reference protocol.
annotation_provenance	exPFC1	custom	exPFC1	exPFC1	Grotzinger et al. 2022, Supplementary Table 10	1										Published PI, brain-cell or PI × brain-cell annotation; custom annotation reconstructed with the reference protocol.
annotation_provenance	exPFC2	custom	exPFC2	exPFC2	Grotzinger et al. 2022, Supplementary Table 10	1										Published PI, brain-cell or PI × brain-cell annotation; custom annotation reconstructed with the reference protocol.
annotation_provenance	GABA1	custom	GABA1	GABA1	Grotzinger et al. 2022, Supplementary Table 10	1										Published PI, brain-cell or PI × brain-cell annotation; custom annotation reconstructed with the reference protocol.
annotation_provenance	GABA2	custom	GABA2	GABA2	Grotzinger et al. 2022, Supplementary Table 10	1										Published PI, brain-cell or PI × brain-cell annotation; custom annotation reconstructed with the reference protocol.
annotation_provenance	Microglia	custom	Microglia	MG	Grotzinger et al. 2022, Supplementary Table 10	1										Published PI, brain-cell or PI × brain-cell annotation; custom annotation reconstructed with the reference protocol.
annotation_provenance	Neuronal Stem Cells	custom	Neuronal Stem Cells	NSC	Grotzinger et al. 2022, Supplementary Table 10	1										Published PI, brain-cell or PI × brain-cell annotation; custom annotation reconstructed with the reference protocol.
annotation_provenance	Oligodendrocytes	custom	Oligodendrocytes	ODC	Grotzinger et al. 2022, Supplementary Table 10	1										Published PI, brain-cell or PI × brain-cell annotation; custom annotation reconstructed with the reference protocol.
annotation_provenance	Oligodendrocyte Precursor Cells	custom	Oligodendrocyte Precursor Cells	OPC	Grotzinger et al. 2022, Supplementary Table 10	1										Published PI, brain-cell or PI × brain-cell annotation; custom annotation reconstructed with the reference protocol.
annotation_provenance	PI x ASC1	custom	PI x ASC1	PI_x_ASC1	Grotzinger et al. 2022, Supplementary Table 10	1										Published PI, brain-cell or PI × brain-cell annotation; custom annotation reconstructed with the reference protocol.
annotation_provenance	PI x ASC2	custom	PI x ASC2	PI_x_ASC2	Grotzinger et al. 2022, Supplementary Table 10	1										Published PI, brain-cell or PI × brain-cell annotation; custom annotation reconstructed with the reference protocol.
annotation_provenance	PI x Endothelial Cells	custom	PI x Endothelial Cells	PI_x_END	Grotzinger et al. 2022, Supplementary Table 10	1										Published PI, brain-cell or PI × brain-cell annotation; custom annotation reconstructed with the reference protocol.
annotation_provenance	PI x exCA1	custom	PI x exCA1	PI_x_exCA1	Grotzinger et al. 2022, Supplementary Table 10	1										Published PI, brain-cell or PI × brain-cell annotation; custom annotation reconstructed with the reference protocol.
annotation_provenance	PI x exCA3	custom	PI x exCA3	PI_x_exCA3	Grotzinger et al. 2022, Supplementary Table 10	1										Published PI, brain-cell or PI × brain-cell annotation; custom annotation reconstructed with the reference protocol.
annotation_provenance	PI x exDG	custom	PI x exDG	PI_x_exDG	Grotzinger et al. 2022, Supplementary Table 10	1										Published PI, brain-cell or PI × brain-cell annotation; custom annotation reconstructed with the reference protocol.
annotation_provenance	PI x exPFC1	custom	PI x exPFC1	PI_x_exPFC1	Grotzinger et al. 2022, Supplementary Table 10	1										Published PI, brain-cell or PI × brain-cell annotation; custom annotation reconstructed with the reference protocol.
annotation_provenance	PI x exPFC2	custom	PI x exPFC2	PI_x_exPFC2	Grotzinger et al. 2022, Supplementary Table 10	1										Published PI, brain-cell or PI × brain-cell annotation; custom annotation reconstructed with the reference protocol.
annotation_provenance	PI x GABA1	custom	PI x GABA1	PI_x_GABA1	Grotzinger et al. 2022, Supplementary Table 10	1										Published PI, brain-cell or PI × brain-cell annotation; custom annotation reconstructed with the reference protocol.
annotation_provenance	PI x GABA2	custom	PI x GABA2	PI_x_GABA2	Grotzinger et al. 2022, Supplementary Table 10	1										Published PI, brain-cell or PI × brain-cell annotation; custom annotation reconstructed with the reference protocol.
annotation_provenance	PI x Microglia	custom	PI x Microglia	PI_x_MG	Grotzinger et al. 2022, Supplementary Table 10	1										Published PI, brain-cell or PI × brain-cell annotation; custom annotation reconstructed with the reference protocol.
annotation_provenance	PI x Neuronal Stem Cells	custom	PI x Neuronal Stem Cells	PI_x_NSC	Grotzinger et al. 2022, Supplementary Table 10	1										Published PI, brain-cell or PI × brain-cell annotation; custom annotation reconstructed with the reference protocol.
annotation_provenance	PI x Oligodendrocytes	custom	PI x Oligodendrocytes	PI_x_ODC	Grotzinger et al. 2022, Supplementary Table 10	1										Published PI, brain-cell or PI × brain-cell annotation; custom annotation reconstructed with the reference protocol.
annotation_provenance	PI x Oligodendrocyte Precursor Cells	custom	PI x Oligodendrocyte Precursor Cells	PI_x_OPC	Grotzinger et al. 2022, Supplementary Table 10	1										Published PI, brain-cell or PI × brain-cell annotation; custom annotation reconstructed with the reference protocol.
