analysis	row_type	predictor	PGC_estimate	FinnGen_estimate	delta_FinnGen_minus_PGC	paired_SE	CI95_low	CI95_high	z	P	q_BH	min_delete_one_delta	max_delete_one_delta	max_abs_deletion_deviation	max_influence_block	direction_reversals_200	full_min_eigenvalue	full_condition_number	full_max_VIF	min_block_eigenvalue	max_block_condition_number	max_block_VIF	non_positive_definite_blocks	inadmissible_R2_blocks	notes
primary_six	conditional_coefficient	BD_PGC2021	0.584230086282459	0.503383187693213	-0.0808468985892461	0.0717146588303129	-0.221405047060237	0.0597112498817446	-1.12734132613726	0.259598196025044	0.778794588075132	-0.101238893813501	-0.0644664426696887	0.020391995224255	182	0	NA	NA	NA	NA	NA	NA	NA	NA	BH family of six coefficient contrasts
primary_six	conditional_coefficient	MDD_CLIN_PGC2025	0.0521194326312901	0.108511933046403	0.0563925004151132	0.202640983684357	-0.340776529397996	0.453561530228222	0.278287735234017	0.780791490282098	0.780791490282098	0.0211018716426794	0.123262571342425	0.0668700709273117	182	0	NA	NA	NA	NA	NA	NA	NA	NA	BH family of six coefficient contrasts
primary_six	conditional_coefficient	ADHD	-0.0187894139173529	-0.149245713937333	-0.13045630001998	0.105644914564109	-0.337516527715444	0.0766039276754837	-1.23485641081962	0.216883948499986	0.778794588075132	-0.149001006674091	-0.0984633773419201	0.0319929226780603	57	0	NA	NA	NA	NA	NA	NA	NA	NA	BH family of six coefficient contrasts
primary_six	conditional_coefficient	OCD_2025	0.146901711903887	0.110131462238527	-0.0367702496653596	0.0912459377109642	-0.215609001314434	0.142068501983715	-0.402979580108378	0.686963246520984	0.780791490282098	-0.0544760247934675	-0.0156974773962209	0.0210727722691386	92	0	NA	NA	NA	NA	NA	NA	NA	NA	BH family of six coefficient contrasts
primary_six	conditional_coefficient	PTSD	-0.0661420997406323	-0.153784245550448	-0.0876421458098161	0.206110566013994	-0.491611432030409	0.316327140410777	-0.425219082673645	0.670676974469929	0.780791490282098	-0.14222662479674	-0.0570593005443845	0.054584478986924	155	0	NA	NA	NA	NA	NA	NA	NA	NA	BH family of six coefficient contrasts
primary_six	conditional_coefficient	AUD	0.14563176500653	0.0969689282794033	-0.0486628367271263	0.0848394572299283	-0.214945117365712	0.117619443911459	-0.573587317929703	0.566247095709959	0.780791490282098	-0.0671122020402202	-0.0347629722601047	0.0184493653130939	124	0	NA	NA	NA	NA	NA	NA	NA	NA	BH family of six coefficient contrasts
primary_six	joint_Rg2	ALL_SIX	0.497488038103383	0.317344929672017	-0.180143108431366	0.0625676907069333	-0.302773528812797	-0.0575126880499358	-2.8791714444945	0.00398721513350106	NA	-0.191617826691057	-0.165521731448171	0.0146213769831958	65	0	0.18351621641397	17.9781639291083	3.83663416827727	0.177366800831374	18.7343497243821	3.96217816936127	0	0	Single joint test; PGC uses corrected N_eff = 2 x NEFF
sensitivity_all_ten	conditional_coefficient	MDD_CLIN_PGC2025	-0.0269352253333366	0.0864317892864763	0.113367014619813	0.302484501459295	-0.479491714121959	0.706225743361585	0.37478619259132	0.707819483776125	0.969960348453454	0.0578375743966095	0.19850887830729	0.0851418636874767	182	0	NA	NA	NA	NA	NA	NA	NA	NA	BH family of 10 coefficient contrasts
sensitivity_all_ten	conditional_coefficient	BD_PGC2021	0.552777214165881	0.486112417006855	-0.0666647971590251	0.0758940362800167	-0.215414374909234	0.0820847805911838	-0.878393091560717	0.379730432156138	0.969960348453454	-0.0937836152797215	-0.0524720053933035	0.0271188181206964	182	0	NA	NA	NA	NA	NA	NA	NA	NA	BH family of 10 coefficient contrasts
sensitivity_all_ten	conditional_coefficient	PTSD	-0.0937053541870727	-0.0838550657036934	0.00985028848337921	0.261572138449825	-0.502821682237402	0.522522259204161	0.037658018708551	0.969960348453454	0.969960348453454	-0.072772513717338	0.0623975325460766	0.0826228022007172	155	54	NA	NA	NA	NA	NA	NA	NA	NA	BH family of 10 coefficient contrasts
sensitivity_all_ten	conditional_coefficient	ANX	0.143903149621369	-0.0634270166526031	-0.207330166273973	0.396012892643161	-0.983501173268096	0.56884084072015	-0.52354398082891	0.600595753329545	0.969960348453454	-0.284123067888428	-0.134904175762727	0.0767929016144557	33	0	NA	NA	NA	NA	NA	NA	NA	NA	BH family of 10 coefficient contrasts
sensitivity_all_ten	conditional_coefficient	ADHD	-0.167695583025611	-0.24884597110497	-0.0811503880793594	0.155380817361652	-0.385691193996593	0.223390417837874	-0.522267738433119	0.601483928280338	0.969960348453454	-0.107879137512653	-0.0463098917164936	0.0348404963628658	57	0	NA	NA	NA	NA	NA	NA	NA	NA	BH family of 10 coefficient contrasts
sensitivity_all_ten	conditional_coefficient	ASD	0.158339834122898	0.171823993621239	0.0134841594983418	0.141998042324145	-0.264826889332177	0.291795208328861	0.0949601788703599	0.924346456594873	0.969960348453454	-0.0103698662271828	0.0459006354257593	0.0324164759274175	72	18	NA	NA	NA	NA	NA	NA	NA	NA	BH family of 10 coefficient contrasts
sensitivity_all_ten	conditional_coefficient	OCD_2025	0.033919030666349	0.0672119226572966	0.0332928919909476	0.263455431539901	-0.483070265358716	0.549656049340612	0.126370110482635	0.899438960828628	0.969960348453454	-0.0150226155795781	0.082841588660438	0.0495486966694904	199	8	NA	NA	NA	NA	NA	NA	NA	NA	BH family of 10 coefficient contrasts
sensitivity_all_ten	conditional_coefficient	AN	0.0734852576037172	0.0305768560228045	-0.0429084015809128	0.142172022443316	-0.321560445179032	0.235743642017207	-0.301806226313059	0.762799784165988	0.969960348453454	-0.0753758943077836	-0.0196976858078638	0.0324674927268708	177	0	NA	NA	NA	NA	NA	NA	NA	NA	BH family of 10 coefficient contrasts
sensitivity_all_ten	conditional_coefficient	AUD	0.0326534381028585	0.142959786172199	0.11030634806934	0.186828322399245	-0.255870435125217	0.476483131263898	0.590415557195981	0.554912083151149	0.969960348453454	0.0683747919132676	0.14929764319697	0.0419315561560728	4	0	NA	NA	NA	NA	NA	NA	NA	NA	BH family of 10 coefficient contrasts
sensitivity_all_ten	conditional_coefficient	CUD_2023_EUR	0.245653762550315	0.0206629270939864	-0.224990835456329	0.191618712908313	-0.600556611520542	0.150574940607885	-1.17415899544208	0.240331346752564	0.969960348453454	-0.265775228140313	-0.184464593911971	0.0407843926839848	134	0	NA	NA	NA	NA	NA	NA	NA	NA	BH family of 10 coefficient contrasts
sensitivity_all_ten	joint_Rg2	ALL_TEN	0.528353542568201	0.338208762368297	-0.190144780199905	0.0696116354897763	-0.326581078664797	-0.053708481735013	-2.73150858850071	0.00630450977596361	NA	-0.20220618758589	-0.174254900458657	0.0158898797412473	65	0	0.0772215680076875	62.0000226449068	7.82219031687047	0.0717410144789141	66.8955295290155	8.39732431171244	0	0	Equals the reported 10-trait correction-free PHBC quadratic form
