Annotation	lhs	op	rhs	Cov_Smooth	Z_smooth	Enrichment	Enrichment_SE	Enrichment_p_value	Error	Warning	target_parameter	est	SE	Fixed_Enrich	Bonferroni_alpha	Bonferroni_significant	Annotation_model_warning	Annotation_model_error	Bonferroni_significant_no_warning	n_annotations_in_family	n_parameters_in_family
"baseL2"	"F_COMP"	"~~"	"SCZ_PGC"	0	0	1.00000019626561	0.0908916478965664	0.499999138549551	0	"0"	"F_COMP~~SCZ_PGC"	NA	NA	NA	0.000163398692810458	FALSE	FALSE	FALSE	FALSE	51	6
"Coding_UCSCL2"	"F_COMP"	"~~"	"SCZ_PGC"	0.00503848720574876	1.05016988976779	1.96325811340042	2.48314486443878	0.349038131469271	0	"lavaan->lav_object_post_check():  
   some estimated ov variances are negative"	"F_COMP~~SCZ_PGC"	NA	NA	NA	0.000163398692810458	FALSE	TRUE	FALSE	FALSE	51	6
"Conserved_LindbladTohL2"	"F_COMP"	"~~"	"SCZ_PGC"	0.00174853894222563	0.697906754127202	5.1728124624043	3.04944143198913	0.0855956677553763	0	"0"	"F_COMP~~SCZ_PGC"	NA	NA	NA	0.000163398692810458	FALSE	FALSE	FALSE	FALSE	51	6
"CTCF_HoffmanL2"	"F_COMP"	"~~"	"SCZ_PGC"	0.0322335433063878	2.49865427667858	3.21011617431904	2.53043470771028	0.191218831069499	0	"0"	"F_COMP~~SCZ_PGC"	NA	NA	NA	0.000163398692810458	FALSE	FALSE	FALSE	FALSE	51	6
"DGF_ENCODEL2"	"F_COMP"	"~~"	"SCZ_PGC"	0.0457147900162544	2.12817144113385	3.44744997729642	1.07073961612531	0.0111342555582074	0	"lavaan->lav_object_post_check():  
   some estimated ov variances are negative"	"F_COMP~~SCZ_PGC"	NA	NA	NA	0.000163398692810458	FALSE	TRUE	FALSE	FALSE	51	6
"DHS_peaks_TrynkaL2"	"F_COMP"	"~~"	"SCZ_PGC"	0.0251848050005663	1.34224984178974	3.42786120150212	1.24770913644074	0.0258360731303703	0	"0"	"F_COMP~~SCZ_PGC"	NA	NA	NA	0.000163398692810458	FALSE	FALSE	FALSE	FALSE	51	6
"DHS_TrynkaL2"	"F_COMP"	"~~"	"SCZ_PGC"	0.0195883033999108	1.22872879150856	2.50343911995259	0.968992860473301	0.0603851839472409	0	"0"	"F_COMP~~SCZ_PGC"	NA	NA	NA	0.000163398692810458	FALSE	FALSE	FALSE	FALSE	51	6
"Enhancer_AnderssonL2"	"F_COMP"	"~~"	"SCZ_PGC"	0.00501978310908668	1.98553401197701	NA	NA	NA	0	"lavaan->lav_lavaan_step11_estoptim():  
   the optimizer warns that a solution has NOT been found!"	"F_COMP~~SCZ_PGC"	NA	NA	NA	0.000163398692810458	FALSE	TRUE	FALSE	FALSE	51	6
"Enhancer_HoffmanL2"	"F_COMP"	"~~"	"SCZ_PGC"	0.0115420479446174	2.18127732369155	1.4903216793629	1.43532159658595	0.366321820192621	0	"0"	"F_COMP~~SCZ_PGC"	NA	NA	NA	0.000163398692810458	FALSE	FALSE	FALSE	FALSE	51	6
"FetalDHS_TrynkaL2"	"F_COMP"	"~~"	"SCZ_PGC"	0.0208253269899367	0.94239668064383	2.96289927119607	1.30833451098456	0.0667678595527326	0	"lavaan->lav_object_post_check():  
   some estimated ov variances are negative"	"F_COMP~~SCZ_PGC"	NA	NA	NA	0.000163398692810458	FALSE	TRUE	FALSE	FALSE	51	6
"H3K27ac_HniszL2"	"F_COMP"	"~~"	"SCZ_PGC"	0	0	1.29017990323801	0.186579189945329	0.0599415999153901	0	"0"	"F_COMP~~SCZ_PGC"	NA	NA	NA	0.000163398692810458	FALSE	FALSE	FALSE	FALSE	51	6
"H3K27ac_PGC2L2"	"F_COMP"	"~~"	"SCZ_PGC"	0.0233884659579833	1.11443351746652	1.89579188486118	0.361844372006732	0.00665011280171506	0	"0"	"F_COMP~~SCZ_PGC"	NA	NA	NA	0.000163398692810458	FALSE	FALSE	FALSE	FALSE	51	6
"H3K4me1_peaks_TrynkaL2"	"F_COMP"	"~~"	"SCZ_PGC"	0.0319011176667473	0.799523756392183	2.28086832594053	0.769674902114824	0.0480394326504565	0	"lavaan->lav_object_post_check():  
   some estimated ov variances are negative"	"F_COMP~~SCZ_PGC"	NA	NA	NA	0.000163398692810458	FALSE	TRUE	FALSE	FALSE	51	6
"H3K4me1_TrynkaL2"	"F_COMP"	"~~"	"SCZ_PGC"	0.00829302781212797	0.26666750200409	1.75366676775726	0.287980194248386	0.00443429747421957	0	"0"	"F_COMP~~SCZ_PGC"	NA	NA	NA	0.000163398692810458	FALSE	FALSE	FALSE	FALSE	51	6
"H3K4me3_peaks_TrynkaL2"	"F_COMP"	"~~"	"SCZ_PGC"	0.00822075864429268	0.865856674493034	2.65720960568785	2.02495253706948	0.206566038898458	0	"lavaan->lav_object_post_check():  
   covariance matrix of latent variables is not positive definite ; use 
   lavInspect(fit, ""cov.lv"") to investigate."	"F_COMP~~SCZ_PGC"	NA	NA	NA	0.000163398692810458	FALSE	TRUE	FALSE	FALSE	51	6
"H3K4me3_TrynkaL2"	"F_COMP"	"~~"	"SCZ_PGC"	0.00772740351326712	0.783407586322392	2.57347206457835	0.626241814030383	0.00599288366192201	0	"0"	"F_COMP~~SCZ_PGC"	NA	NA	NA	0.000163398692810458	FALSE	FALSE	FALSE	FALSE	51	6
"H3K9ac_peaks_TrynkaL2"	"F_COMP"	"~~"	"SCZ_PGC"	0.00966390702080234	1.57984746596072	9.91739380404253	2.05120765005327	6.88844535154413e-06	0	"0"	"F_COMP~~SCZ_PGC"	NA	NA	NA	0.000163398692810458	TRUE	FALSE	FALSE	TRUE	51	6
"H3K9ac_TrynkaL2"	"F_COMP"	"~~"	"SCZ_PGC"	0.00710022702197144	0.640371778330421	1.94813911925114	0.634904186350306	0.0676717764964719	0	"0"	"F_COMP~~SCZ_PGC"	NA	NA	NA	0.000163398692810458	FALSE	FALSE	FALSE	FALSE	51	6
"Intron_UCSCL2"	"F_COMP"	"~~"	"SCZ_PGC"	0.000796184722651798	0.242478754056586	1.24107939680775	0.13296360395109	0.0349064098237984	0	"lavaan->lav_object_post_check():  
   some estimated ov variances are negative"	"F_COMP~~SCZ_PGC"	NA	NA	NA	0.000163398692810458	FALSE	TRUE	FALSE	FALSE	51	6
"PromoterFlanking_HoffmanL2"	"F_COMP"	"~~"	"SCZ_PGC"	0.00798128246736609	1.15431649662914	-1.08272349514287	4.78792168056344	0.668217085621664	0	"lavaan->lav_object_post_check():  
   some estimated lv variances are negative"	"F_COMP~~SCZ_PGC"	NA	NA	NA	0.000163398692810458	FALSE	TRUE	FALSE	FALSE	51	6
"Promoter_UCSCL2"	"F_COMP"	"~~"	"SCZ_PGC"	0.00392469530809189	0.908372475130521	3.7234713060144	1.14001191709828	0.00844749735663698	0	"0"	"F_COMP~~SCZ_PGC"	NA	NA	NA	0.000163398692810458	FALSE	FALSE	FALSE	FALSE	51	6
"Repressed_HoffmanL2"	"F_COMP"	"~~"	"SCZ_PGC"	0.00388382953970253	0.998331808104832	1.31198574981256	0.253815218833468	0.109501306974669	0	"lavaan->lav_object_post_check():  
   some estimated ov variances are negative"	"F_COMP~~SCZ_PGC"	NA	NA	NA	0.000163398692810458	FALSE	TRUE	FALSE	FALSE	51	6
"SuperEnhancer_HniszL2"	"F_COMP"	"~~"	"SCZ_PGC"	0.00178773880295907	0.933383621267406	1.29661652820021	0.234829739049892	0.103274261857551	0	"0"	"F_COMP~~SCZ_PGC"	NA	NA	NA	0.000163398692810458	FALSE	FALSE	FALSE	FALSE	51	6
"TFBS_ENCODEL2"	"F_COMP"	"~~"	"SCZ_PGC"	0.021506881823679	0.861898060381518	3.05084330531363	0.869108054433312	0.00914460345242537	0	"lavaan->lav_object_post_check():  
   covariance matrix of latent variables is not positive definite ; use 
   lavInspect(fit, ""cov.lv"") to investigate."	"F_COMP~~SCZ_PGC"	NA	NA	NA	0.000163398692810458	FALSE	TRUE	FALSE	FALSE	51	6
"Transcr_HoffmanL2"	"F_COMP"	"~~"	"SCZ_PGC"	0.0378129996659444	1.23144008787503	0.259429113443609	0.312358888688451	0.991127522628724	0	"0"	"F_COMP~~SCZ_PGC"	NA	NA	NA	0.000163398692810458	FALSE	FALSE	FALSE	FALSE	51	6
"TSS_HoffmanL2"	"F_COMP"	"~~"	"SCZ_PGC"	0.00190124952819986	1.47481163958413	7.3623549799661	2.64047973836401	0.00798621119676954	0	"lavaan->lav_object_post_check():  
   covariance matrix of latent variables is not positive definite ; use 
   lavInspect(fit, ""cov.lv"") to investigate."	"F_COMP~~SCZ_PGC"	NA	NA	NA	0.000163398692810458	FALSE	TRUE	FALSE	FALSE	51	6
"UTR_3_UCSCL2"	"F_COMP"	"~~"	"SCZ_PGC"	0.00444109189938157	1.34371304340891	5.80476507872553	2.37903421976817	0.0217109734220872	0	"lavaan->lav_object_post_check():  
   covariance matrix of latent variables is not positive definite ; use 
   lavInspect(fit, ""cov.lv"") to investigate."	"F_COMP~~SCZ_PGC"	NA	NA	NA	0.000163398692810458	FALSE	TRUE	FALSE	FALSE	51	6
"UTR_5_UCSCL2"	"F_COMP"	"~~"	"SCZ_PGC"	0.00396957054901262	1.93248982903626	NA	NA	NA	0	"lavaan->lav_lavaan_step11_estoptim():  
   the optimizer warns that a solution has NOT been found!"	"F_COMP~~SCZ_PGC"	NA	NA	NA	0.000163398692810458	FALSE	TRUE	FALSE	FALSE	51	6
"WeakEnhancer_HoffmanL2"	"F_COMP"	"~~"	"SCZ_PGC"	0.0123110256873805	2.11850057513851	2.56799856583732	3.17181772226195	0.310528343610299	0	"lavaan->lav_object_post_check():  
   covariance matrix of latent variables is not positive definite ; use 
   lavInspect(fit, ""cov.lv"") to investigate."	"F_COMP~~SCZ_PGC"	NA	NA	NA	0.000163398692810458	FALSE	TRUE	FALSE	FALSE	51	6
"GERP.RSsup4L2"	"F_COMP"	"~~"	"SCZ_PGC"	0.00166311432843718	0.902078929643571	7.89213551658979	5.08838195785191	0.0877908954827061	0	"lavaan->lav_object_post_check():  
   some estimated ov variances are negative"	"F_COMP~~SCZ_PGC"	NA	NA	NA	0.000163398692810458	FALSE	TRUE	FALSE	FALSE	51	6
"MAFbin1L2"	"F_COMP"	"~~"	"SCZ_PGC"	0.00439284595546691	1.78347432005805	0.154272060509578	0.225374787564389	0.999912474108066	0	"lavaan->lav_object_post_check():  
   covariance matrix of latent variables is not positive definite ; use 
   lavInspect(fit, ""cov.lv"") to investigate."	"F_COMP~~SCZ_PGC"	NA	NA	NA	0.000163398692810458	FALSE	TRUE	FALSE	FALSE	51	6
"MAFbin2L2"	"F_COMP"	"~~"	"SCZ_PGC"	0.00340230875886445	0.816242914625603	0.482437550702932	0.247469529077616	0.98175473511661	0	"0"	"F_COMP~~SCZ_PGC"	NA	NA	NA	0.000163398692810458	FALSE	FALSE	FALSE	FALSE	51	6
"MAFbin3L2"	"F_COMP"	"~~"	"SCZ_PGC"	0.00766293699603604	2.59080300444553	0.340337823525362	0.269490694661269	0.992813640515897	0	"0"	"F_COMP~~SCZ_PGC"	NA	NA	NA	0.000163398692810458	FALSE	FALSE	FALSE	FALSE	51	6
"MAFbin4L2"	"F_COMP"	"~~"	"SCZ_PGC"	0.00137964328205749	0.782636024968997	0.709900366125722	0.3241825823624	0.814570360297914	0	"0"	"F_COMP~~SCZ_PGC"	NA	NA	NA	0.000163398692810458	FALSE	FALSE	FALSE	FALSE	51	6
"MAFbin5L2"	"F_COMP"	"~~"	"SCZ_PGC"	0.00444744814303574	0.570926523442697	1.66209851486503	0.349967179528873	0.0292529891308527	0	"0"	"F_COMP~~SCZ_PGC"	NA	NA	NA	0.000163398692810458	FALSE	FALSE	FALSE	FALSE	51	6
"MAFbin6L2"	"F_COMP"	"~~"	"SCZ_PGC"	0.000923335223603543	0.72125865493666	1.14895734154182	0.347104858592987	0.333909872789475	0	"0"	"F_COMP~~SCZ_PGC"	NA	NA	NA	0.000163398692810458	FALSE	FALSE	FALSE	FALSE	51	6
"MAFbin7L2"	"F_COMP"	"~~"	"SCZ_PGC"	0.00144110460355316	0.50794224321506	0.670602151415449	0.344601272339686	0.830433849561093	0	"0"	"F_COMP~~SCZ_PGC"	NA	NA	NA	0.000163398692810458	FALSE	FALSE	FALSE	FALSE	51	6
"MAFbin8L2"	"F_COMP"	"~~"	"SCZ_PGC"	0.00114055898945371	0.852920148256136	1.32461517016936	0.394976320437651	0.205578339755435	0	"0"	"F_COMP~~SCZ_PGC"	NA	NA	NA	0.000163398692810458	FALSE	FALSE	FALSE	FALSE	51	6
"MAFbin9L2"	"F_COMP"	"~~"	"SCZ_PGC"	0.00066288057462322	0.34529713020679	1.96583503654592	0.413050065017026	0.00968584114965198	0	"lavaan->lav_object_post_check():  
   some estimated ov variances are negative"	"F_COMP~~SCZ_PGC"	NA	NA	NA	0.000163398692810458	FALSE	TRUE	FALSE	FALSE	51	6
"MAFbin10L2"	"F_COMP"	"~~"	"SCZ_PGC"	0.00540288453255361	0.749571322039047	1.50252457472792	0.342611873694409	0.0712225903327466	0	"0"	"F_COMP~~SCZ_PGC"	NA	NA	NA	0.000163398692810458	FALSE	FALSE	FALSE	FALSE	51	6
"synonymousL2"	"F_COMP"	"~~"	"SCZ_PGC"	0.00506509532273076	1.46359402325061	NA	NA	NA	0	"lavaan->lav_lavaan_step11_estoptim():  
   the optimizer warns that a solution has NOT been found!"	"F_COMP~~SCZ_PGC"	NA	NA	NA	0.000163398692810458	FALSE	TRUE	FALSE	FALSE	51	6
"non_synonymousL2"	"F_COMP"	"~~"	"SCZ_PGC"	0.00820968954682428	2.32036141467008	NA	NA	NA	0	"lavaan->lav_lavaan_step11_estoptim():  
   the optimizer warns that a solution has NOT been found!"	"F_COMP~~SCZ_PGC"	NA	NA	NA	0.000163398692810458	FALSE	TRUE	FALSE	FALSE	51	6
"Conserved_Vertebrate_phastCons46wayL2"	"F_COMP"	"~~"	"SCZ_PGC"	0.00913849381719993	1.19201173201238	0.793667815955706	2.33727961167401	0.535172446435625	0	"0"	"F_COMP~~SCZ_PGC"	NA	NA	NA	0.000163398692810458	FALSE	FALSE	FALSE	FALSE	51	6
"Conserved_Mammal_phastCons46wayL2"	"F_COMP"	"~~"	"SCZ_PGC"	0.00360267964878127	0.916572437011484	3.06668280273447	3.25081212457383	0.262471796842479	0	"0"	"F_COMP~~SCZ_PGC"	NA	NA	NA	0.000163398692810458	FALSE	FALSE	FALSE	FALSE	51	6
"Conserved_Primate_phastCons46wayL2"	"F_COMP"	"~~"	"SCZ_PGC"	0.00458301709777757	0.813634728646259	8.28620077691162	3.55533473398187	0.0202129133165265	0	"0"	"F_COMP~~SCZ_PGC"	NA	NA	NA	0.000163398692810458	FALSE	FALSE	FALSE	FALSE	51	6
"BivFlnkL2"	"F_COMP"	"~~"	"SCZ_PGC"	0.00382734567121631	1.19011772164613	5.98435756258169	2.79114688837215	0.0370679284984147	0	"0"	"F_COMP~~SCZ_PGC"	NA	NA	NA	0.000163398692810458	FALSE	FALSE	FALSE	FALSE	51	6
"Human_Promoter_VillarL2"	"F_COMP"	"~~"	"SCZ_PGC"	0.00705271009995347	0.961816839148933	9.63911531880698	2.12360824167655	2.36959259398818e-05	0	"lavaan->lav_object_post_check():  
   some estimated ov variances are negative"	"F_COMP~~SCZ_PGC"	NA	NA	NA	0.000163398692810458	TRUE	TRUE	FALSE	FALSE	51	6
"Human_Enhancer_VillarL2"	"F_COMP"	"~~"	"SCZ_PGC"	0.0121592272297596	1.69396726066646	0.962319592211217	0.996037242372184	0.515088515168926	0	"lavaan->lav_object_post_check():  
   some estimated lv variances are negative"	"F_COMP~~SCZ_PGC"	NA	NA	NA	0.000163398692810458	FALSE	TRUE	FALSE	FALSE	51	6
"Ancient_Sequence_Age_Human_PromoterL2"	"F_COMP"	"~~"	"SCZ_PGC"	0.00128219556240797	1.44176648804497	26.1078024038727	7.44604054371428	0.000373167058955295	0	"0"	"F_COMP~~SCZ_PGC"	NA	NA	NA	0.000163398692810458	FALSE	FALSE	FALSE	FALSE	51	6
"Ancient_Sequence_Age_Human_EnhancerL2"	"F_COMP"	"~~"	"SCZ_PGC"	0.0115602257878298	1.97182680463417	5.36435539590737	5.53238540548705	0.215092805947812	0	"lavaan->lav_object_post_check():  
   some estimated lv variances are negative"	"F_COMP~~SCZ_PGC"	NA	NA	NA	0.000163398692810458	FALSE	TRUE	FALSE	FALSE	51	6
"Human_Promoter_Villar_ExACL2"	"F_COMP"	"~~"	"SCZ_PGC"	0.00301274387167614	1.09079657334993	39.7549705568144	6.88110512169703	8.90218229134859e-09	0	"lavaan->lav_object_post_check():  
   some estimated ov variances are negative"	"F_COMP~~SCZ_PGC"	NA	NA	NA	0.000163398692810458	TRUE	TRUE	FALSE	FALSE	51	6
"baseL2"	"F_INT"	"~~"	"SCZ_PGC"	0	0	0.999999982002972	0.0630057954518564	0.500000113954207	0	"0"	"F_INT~~SCZ_PGC"	NA	NA	NA	0.000163398692810458	FALSE	FALSE	FALSE	FALSE	51	6
"Coding_UCSCL2"	"F_INT"	"~~"	"SCZ_PGC"	0.00503848720574876	1.05016988976779	4.36450521291444	1.94003629378595	0.0414369921915939	0	"lavaan->lav_object_post_check():  
   some estimated ov variances are negative"	"F_INT~~SCZ_PGC"	NA	NA	NA	0.000163398692810458	FALSE	TRUE	FALSE	FALSE	51	6
"Conserved_LindbladTohL2"	"F_INT"	"~~"	"SCZ_PGC"	0.00174853894222563	0.697906754127202	9.32085521628884	2.23020798339503	9.53692300961648e-05	0	"0"	"F_INT~~SCZ_PGC"	NA	NA	NA	0.000163398692810458	TRUE	FALSE	FALSE	TRUE	51	6
"CTCF_HoffmanL2"	"F_INT"	"~~"	"SCZ_PGC"	0.0322335433063878	2.49865427667858	0.740330683840686	1.86889108259186	0.555252400590172	0	"0"	"F_INT~~SCZ_PGC"	NA	NA	NA	0.000163398692810458	FALSE	FALSE	FALSE	FALSE	51	6
"DGF_ENCODEL2"	"F_INT"	"~~"	"SCZ_PGC"	0.0457147900162544	2.12817144113385	1.62029617936987	0.762333480315881	0.207913894294583	0	"lavaan->lav_object_post_check():  
   some estimated ov variances are negative"	"F_INT~~SCZ_PGC"	NA	NA	NA	0.000163398692810458	FALSE	TRUE	FALSE	FALSE	51	6
"DHS_peaks_TrynkaL2"	"F_INT"	"~~"	"SCZ_PGC"	0.0251848050005663	1.34224984178974	1.09478007744715	0.923459942374583	0.459126002472653	0	"0"	"F_INT~~SCZ_PGC"	NA	NA	NA	0.000163398692810458	FALSE	FALSE	FALSE	FALSE	51	6
"DHS_TrynkaL2"	"F_INT"	"~~"	"SCZ_PGC"	0.0195883033999108	1.22872879150856	1.21857498109869	0.612619417828459	0.360625428714767	0	"0"	"F_INT~~SCZ_PGC"	NA	NA	NA	0.000163398692810458	FALSE	FALSE	FALSE	FALSE	51	6
"Enhancer_AnderssonL2"	"F_INT"	"~~"	"SCZ_PGC"	0.00501978310908668	1.98553401197701	NA	NA	NA	0	"lavaan->lav_lavaan_step11_estoptim():  
   the optimizer warns that a solution has NOT been found!"	"F_INT~~SCZ_PGC"	NA	NA	NA	0.000163398692810458	FALSE	TRUE	FALSE	FALSE	51	6
"Enhancer_HoffmanL2"	"F_INT"	"~~"	"SCZ_PGC"	0.0115420479446174	2.18127732369155	1.83445845086794	1.04456406807752	0.212186352846605	0	"0"	"F_INT~~SCZ_PGC"	NA	NA	NA	0.000163398692810458	FALSE	FALSE	FALSE	FALSE	51	6
"FetalDHS_TrynkaL2"	"F_INT"	"~~"	"SCZ_PGC"	0.0208253269899367	0.94239668064383	2.81463488865015	1.06363408060345	0.0439974630516724	0	"lavaan->lav_object_post_check():  
   some estimated ov variances are negative"	"F_INT~~SCZ_PGC"	NA	NA	NA	0.000163398692810458	FALSE	TRUE	FALSE	FALSE	51	6
"H3K27ac_HniszL2"	"F_INT"	"~~"	"SCZ_PGC"	0	0	1.07548784164297	0.133645534661594	0.286092576572529	0	"0"	"F_INT~~SCZ_PGC"	NA	NA	NA	0.000163398692810458	FALSE	FALSE	FALSE	FALSE	51	6
"H3K27ac_PGC2L2"	"F_INT"	"~~"	"SCZ_PGC"	0.0233884659579833	1.11443351746652	1.25558518763936	0.30090055889499	0.197829142811412	0	"0"	"F_INT~~SCZ_PGC"	NA	NA	NA	0.000163398692810458	FALSE	FALSE	FALSE	FALSE	51	6
"H3K4me1_peaks_TrynkaL2"	"F_INT"	"~~"	"SCZ_PGC"	0.0319011176667473	0.799523756392183	2.57469179586541	0.538483782246458	0.00172612143422062	0	"lavaan->lav_object_post_check():  
   some estimated ov variances are negative"	"F_INT~~SCZ_PGC"	NA	NA	NA	0.000163398692810458	FALSE	TRUE	FALSE	FALSE	51	6
"H3K4me1_TrynkaL2"	"F_INT"	"~~"	"SCZ_PGC"	0.00829302781212797	0.26666750200409	1.41262868967041	0.213593591769667	0.0266896155396209	0	"0"	"F_INT~~SCZ_PGC"	NA	NA	NA	0.000163398692810458	FALSE	FALSE	FALSE	FALSE	51	6
"H3K4me3_peaks_TrynkaL2"	"F_INT"	"~~"	"SCZ_PGC"	0.00822075864429268	0.865856674493034	3.45478300368194	1.32727255267189	0.0321932359790391	0	"lavaan->lav_object_post_check():  
   covariance matrix of latent variables is not positive definite ; use 
   lavInspect(fit, ""cov.lv"") to investigate."	"F_INT~~SCZ_PGC"	NA	NA	NA	0.000163398692810458	FALSE	TRUE	FALSE	FALSE	51	6
"H3K4me3_TrynkaL2"	"F_INT"	"~~"	"SCZ_PGC"	0.00772740351326712	0.783407586322392	2.20310907966344	0.438794575609735	0.00305470804191441	0	"0"	"F_INT~~SCZ_PGC"	NA	NA	NA	0.000163398692810458	FALSE	FALSE	FALSE	FALSE	51	6
"H3K9ac_peaks_TrynkaL2"	"F_INT"	"~~"	"SCZ_PGC"	0.00966390702080234	1.57984746596072	6.56209064208956	1.52517161198544	0.000132731115900435	0	"0"	"F_INT~~SCZ_PGC"	NA	NA	NA	0.000163398692810458	TRUE	FALSE	FALSE	TRUE	51	6
"H3K9ac_TrynkaL2"	"F_INT"	"~~"	"SCZ_PGC"	0.00710022702197144	0.640371778330421	2.12812535200548	0.501853949101531	0.0122907841542202	0	"0"	"F_INT~~SCZ_PGC"	NA	NA	NA	0.000163398692810458	FALSE	FALSE	FALSE	FALSE	51	6
"Intron_UCSCL2"	"F_INT"	"~~"	"SCZ_PGC"	0.000796184722651798	0.242478754056586	1.20172516952062	0.104229313958977	0.0264707586064758	0	"lavaan->lav_object_post_check():  
   some estimated ov variances are negative"	"F_INT~~SCZ_PGC"	NA	NA	NA	0.000163398692810458	FALSE	TRUE	FALSE	FALSE	51	6
"PromoterFlanking_HoffmanL2"	"F_INT"	"~~"	"SCZ_PGC"	0.00798128246736609	1.15431649662914	1.78942743464384	2.88042722463896	0.392016915326485	0	"lavaan->lav_object_post_check():  
   some estimated lv variances are negative"	"F_INT~~SCZ_PGC"	NA	NA	NA	0.000163398692810458	FALSE	TRUE	FALSE	FALSE	51	6
"Promoter_UCSCL2"	"F_INT"	"~~"	"SCZ_PGC"	0.00392469530809189	0.908372475130521	0.619695577702496	0.904042477450946	0.663002317439984	0	"0"	"F_INT~~SCZ_PGC"	NA	NA	NA	0.000163398692810458	FALSE	FALSE	FALSE	FALSE	51	6
"Repressed_HoffmanL2"	"F_INT"	"~~"	"SCZ_PGC"	0.00388382953970253	0.998331808104832	1.21233042686994	0.233899091530393	0.181995528314416	0	"lavaan->lav_object_post_check():  
   some estimated ov variances are negative"	"F_INT~~SCZ_PGC"	NA	NA	NA	0.000163398692810458	FALSE	TRUE	FALSE	FALSE	51	6
"SuperEnhancer_HniszL2"	"F_INT"	"~~"	"SCZ_PGC"	0.00178773880295907	0.933383621267406	1.22891356920512	0.178909073154577	0.10036109998122	0	"0"	"F_INT~~SCZ_PGC"	NA	NA	NA	0.000163398692810458	FALSE	FALSE	FALSE	FALSE	51	6
"TFBS_ENCODEL2"	"F_INT"	"~~"	"SCZ_PGC"	0.021506881823679	0.861898060381518	0.573528262351696	0.59318040584474	0.763916569441854	0	"lavaan->lav_object_post_check():  
   covariance matrix of latent variables is not positive definite ; use 
   lavInspect(fit, ""cov.lv"") to investigate."	"F_INT~~SCZ_PGC"	NA	NA	NA	0.000163398692810458	FALSE	TRUE	FALSE	FALSE	51	6
"Transcr_HoffmanL2"	"F_INT"	"~~"	"SCZ_PGC"	0.0378129996659444	1.23144008787503	0.789448099085507	0.246022585552702	0.803952282234798	0	"0"	"F_INT~~SCZ_PGC"	NA	NA	NA	0.000163398692810458	FALSE	FALSE	FALSE	FALSE	51	6
"TSS_HoffmanL2"	"F_INT"	"~~"	"SCZ_PGC"	0.00190124952819986	1.47481163958413	3.27992129899401	1.83213829228816	0.106675347372981	0	"lavaan->lav_object_post_check():  
   covariance matrix of latent variables is not positive definite ; use 
   lavInspect(fit, ""cov.lv"") to investigate."	"F_INT~~SCZ_PGC"	NA	NA	NA	0.000163398692810458	FALSE	TRUE	FALSE	FALSE	51	6
"UTR_3_UCSCL2"	"F_INT"	"~~"	"SCZ_PGC"	0.00444109189938157	1.34371304340891	2.22949337532811	1.74780101074754	0.240887187167089	0	"lavaan->lav_object_post_check():  
   covariance matrix of latent variables is not positive definite ; use 
   lavInspect(fit, ""cov.lv"") to investigate."	"F_INT~~SCZ_PGC"	NA	NA	NA	0.000163398692810458	FALSE	TRUE	FALSE	FALSE	51	6
"UTR_5_UCSCL2"	"F_INT"	"~~"	"SCZ_PGC"	0.00396957054901262	1.93248982903626	NA	NA	NA	0	"lavaan->lav_lavaan_step11_estoptim():  
   the optimizer warns that a solution has NOT been found!"	"F_INT~~SCZ_PGC"	NA	NA	NA	0.000163398692810458	FALSE	TRUE	FALSE	FALSE	51	6
"WeakEnhancer_HoffmanL2"	"F_INT"	"~~"	"SCZ_PGC"	0.0123110256873805	2.11850057513851	2.05959793145086	2.0849672558055	0.305653590486738	0	"lavaan->lav_object_post_check():  
   covariance matrix of latent variables is not positive definite ; use 
   lavInspect(fit, ""cov.lv"") to investigate."	"F_INT~~SCZ_PGC"	NA	NA	NA	0.000163398692810458	FALSE	TRUE	FALSE	FALSE	51	6
"GERP.RSsup4L2"	"F_INT"	"~~"	"SCZ_PGC"	0.00166311432843718	0.902078929643571	19.8117685762717	4.4584699944152	1.2251319263509e-05	0	"lavaan->lav_object_post_check():  
   some estimated ov variances are negative"	"F_INT~~SCZ_PGC"	NA	NA	NA	0.000163398692810458	TRUE	TRUE	FALSE	FALSE	51	6
"MAFbin1L2"	"F_INT"	"~~"	"SCZ_PGC"	0.00439284595546691	1.78347432005805	0.793924156116917	0.192273975591548	0.858091087622557	0	"lavaan->lav_object_post_check():  
   covariance matrix of latent variables is not positive definite ; use 
   lavInspect(fit, ""cov.lv"") to investigate."	"F_INT~~SCZ_PGC"	NA	NA	NA	0.000163398692810458	FALSE	TRUE	FALSE	FALSE	51	6
"MAFbin2L2"	"F_INT"	"~~"	"SCZ_PGC"	0.00340230875886445	0.816242914625603	0.676236939809689	0.173794903931237	0.968762047631808	0	"0"	"F_INT~~SCZ_PGC"	NA	NA	NA	0.000163398692810458	FALSE	FALSE	FALSE	FALSE	51	6
"MAFbin3L2"	"F_INT"	"~~"	"SCZ_PGC"	0.00766293699603604	2.59080300444553	0.439377037083921	0.218960425235189	0.994772185183643	0	"0"	"F_INT~~SCZ_PGC"	NA	NA	NA	0.000163398692810458	FALSE	FALSE	FALSE	FALSE	51	6
"MAFbin4L2"	"F_INT"	"~~"	"SCZ_PGC"	0.00137964328205749	0.782636024968997	0.717165422629788	0.221208127988484	0.899479324696258	0	"0"	"F_INT~~SCZ_PGC"	NA	NA	NA	0.000163398692810458	FALSE	FALSE	FALSE	FALSE	51	6
"MAFbin5L2"	"F_INT"	"~~"	"SCZ_PGC"	0.00444744814303574	0.570926523442697	1.41351407564095	0.245821849590786	0.0462679654982156	0	"0"	"F_INT~~SCZ_PGC"	NA	NA	NA	0.000163398692810458	FALSE	FALSE	FALSE	FALSE	51	6
"MAFbin6L2"	"F_INT"	"~~"	"SCZ_PGC"	0.000923335223603543	0.72125865493666	0.739182613361352	0.276010768883544	0.827658733078055	0	"0"	"F_INT~~SCZ_PGC"	NA	NA	NA	0.000163398692810458	FALSE	FALSE	FALSE	FALSE	51	6
"MAFbin7L2"	"F_INT"	"~~"	"SCZ_PGC"	0.00144110460355316	0.50794224321506	0.989651587046506	0.241580681623596	0.517083970503464	0	"0"	"F_INT~~SCZ_PGC"	NA	NA	NA	0.000163398692810458	FALSE	FALSE	FALSE	FALSE	51	6
"MAFbin8L2"	"F_INT"	"~~"	"SCZ_PGC"	0.00114055898945371	0.852920148256136	0.717527370522288	0.291730649757869	0.833544024514767	0	"0"	"F_INT~~SCZ_PGC"	NA	NA	NA	0.000163398692810458	FALSE	FALSE	FALSE	FALSE	51	6
"MAFbin9L2"	"F_INT"	"~~"	"SCZ_PGC"	0.00066288057462322	0.34529713020679	2.04259989747168	0.319746748235912	0.00055567752222307	0	"lavaan->lav_object_post_check():  
   some estimated ov variances are negative"	"F_INT~~SCZ_PGC"	NA	NA	NA	0.000163398692810458	FALSE	TRUE	FALSE	FALSE	51	6
"MAFbin10L2"	"F_INT"	"~~"	"SCZ_PGC"	0.00540288453255361	0.749571322039047	1.35257262412709	0.346621084989869	0.154536244597057	0	"0"	"F_INT~~SCZ_PGC"	NA	NA	NA	0.000163398692810458	FALSE	FALSE	FALSE	FALSE	51	6
"synonymousL2"	"F_INT"	"~~"	"SCZ_PGC"	0.00506509532273076	1.46359402325061	NA	NA	NA	0	"lavaan->lav_lavaan_step11_estoptim():  
   the optimizer warns that a solution has NOT been found!"	"F_INT~~SCZ_PGC"	NA	NA	NA	0.000163398692810458	FALSE	TRUE	FALSE	FALSE	51	6
"non_synonymousL2"	"F_INT"	"~~"	"SCZ_PGC"	0.00820968954682428	2.32036141467008	NA	NA	NA	0	"lavaan->lav_lavaan_step11_estoptim():  
   the optimizer warns that a solution has NOT been found!"	"F_INT~~SCZ_PGC"	NA	NA	NA	0.000163398692810458	FALSE	TRUE	FALSE	FALSE	51	6
"Conserved_Vertebrate_phastCons46wayL2"	"F_INT"	"~~"	"SCZ_PGC"	0.00913849381719993	1.19201173201238	8.96573654885691	1.93955922558532	2.00430457601934e-05	0	"0"	"F_INT~~SCZ_PGC"	NA	NA	NA	0.000163398692810458	TRUE	FALSE	FALSE	TRUE	51	6
"Conserved_Mammal_phastCons46wayL2"	"F_INT"	"~~"	"SCZ_PGC"	0.00360267964878127	0.916572437011484	9.06506666256668	2.65563257388018	0.00119486081072035	0	"0"	"F_INT~~SCZ_PGC"	NA	NA	NA	0.000163398692810458	FALSE	FALSE	FALSE	FALSE	51	6
"Conserved_Primate_phastCons46wayL2"	"F_INT"	"~~"	"SCZ_PGC"	0.00458301709777757	0.813634728646259	13.2045361076279	2.4305094181792	2.56494165780509e-07	0	"0"	"F_INT~~SCZ_PGC"	NA	NA	NA	0.000163398692810458	TRUE	FALSE	FALSE	TRUE	51	6
"BivFlnkL2"	"F_INT"	"~~"	"SCZ_PGC"	0.00382734567121631	1.19011772164613	7.89502703111672	2.04330625814304	0.000369821865069241	0	"0"	"F_INT~~SCZ_PGC"	NA	NA	NA	0.000163398692810458	FALSE	FALSE	FALSE	FALSE	51	6
"Human_Promoter_VillarL2"	"F_INT"	"~~"	"SCZ_PGC"	0.00705271009995347	0.961816839148933	4.83409853574811	1.85525626658242	0.0193852712513669	0	"lavaan->lav_object_post_check():  
   some estimated ov variances are negative"	"F_INT~~SCZ_PGC"	NA	NA	NA	0.000163398692810458	FALSE	TRUE	FALSE	FALSE	51	6
"Human_Enhancer_VillarL2"	"F_INT"	"~~"	"SCZ_PGC"	0.0121592272297596	1.69396726066646	2.58626880267355	0.771248561117278	0.01985493251472	0	"lavaan->lav_object_post_check():  
   some estimated lv variances are negative"	"F_INT~~SCZ_PGC"	NA	NA	NA	0.000163398692810458	FALSE	TRUE	FALSE	FALSE	51	6
"Ancient_Sequence_Age_Human_PromoterL2"	"F_INT"	"~~"	"SCZ_PGC"	0.00128219556240797	1.44176648804497	11.8905530478225	5.70242926763448	0.0280788789413247	0	"0"	"F_INT~~SCZ_PGC"	NA	NA	NA	0.000163398692810458	FALSE	FALSE	FALSE	FALSE	51	6
"Ancient_Sequence_Age_Human_EnhancerL2"	"F_INT"	"~~"	"SCZ_PGC"	0.0115602257878298	1.97182680463417	12.5240722456927	4.43106497311552	0.00465107186107997	0	"lavaan->lav_object_post_check():  
   some estimated lv variances are negative"	"F_INT~~SCZ_PGC"	NA	NA	NA	0.000163398692810458	FALSE	TRUE	FALSE	FALSE	51	6
"Human_Promoter_Villar_ExACL2"	"F_INT"	"~~"	"SCZ_PGC"	0.00301274387167614	1.09079657334993	22.284612464358	5.50257861272699	5.48397408749042e-05	0	"lavaan->lav_object_post_check():  
   some estimated ov variances are negative"	"F_INT~~SCZ_PGC"	NA	NA	NA	0.000163398692810458	TRUE	TRUE	FALSE	FALSE	51	6
"baseL2"	"F_SUD"	"~~"	"SCZ_PGC"	0	0	1.00000031074881	0.0722063325465381	0.499998283102964	0	"0"	"F_SUD~~SCZ_PGC"	NA	NA	NA	0.000163398692810458	FALSE	FALSE	FALSE	FALSE	51	6
"Coding_UCSCL2"	"F_SUD"	"~~"	"SCZ_PGC"	0.00503848720574876	1.05016988976779	4.15780024677527	2.15745957388408	0.0716426134307563	0	"lavaan->lav_object_post_check():  
   some estimated ov variances are negative"	"F_SUD~~SCZ_PGC"	NA	NA	NA	0.000163398692810458	FALSE	TRUE	FALSE	FALSE	51	6
"Conserved_LindbladTohL2"	"F_SUD"	"~~"	"SCZ_PGC"	0.00174853894222563	0.697906754127202	7.464328634181	2.48129732800942	0.00459074689104829	0	"0"	"F_SUD~~SCZ_PGC"	NA	NA	NA	0.000163398692810458	FALSE	FALSE	FALSE	FALSE	51	6
"CTCF_HoffmanL2"	"F_SUD"	"~~"	"SCZ_PGC"	0.0322335433063878	2.49865427667858	1.39254304643154	1.84185830849714	0.415615369077597	0	"0"	"F_SUD~~SCZ_PGC"	NA	NA	NA	0.000163398692810458	FALSE	FALSE	FALSE	FALSE	51	6
"DGF_ENCODEL2"	"F_SUD"	"~~"	"SCZ_PGC"	0.0457147900162544	2.12817144113385	2.61276813012489	0.886908210930298	0.0345002831565556	0	"lavaan->lav_object_post_check():  
   some estimated ov variances are negative"	"F_SUD~~SCZ_PGC"	NA	NA	NA	0.000163398692810458	FALSE	TRUE	FALSE	FALSE	51	6
"DHS_peaks_TrynkaL2"	"F_SUD"	"~~"	"SCZ_PGC"	0.0251848050005663	1.34224984178974	1.23427428312512	1.06100151412423	0.412622192433921	0	"0"	"F_SUD~~SCZ_PGC"	NA	NA	NA	0.000163398692810458	FALSE	FALSE	FALSE	FALSE	51	6
"DHS_TrynkaL2"	"F_SUD"	"~~"	"SCZ_PGC"	0.0195883033999108	1.22872879150856	1.75111215244153	0.793894670658184	0.172046092357468	0	"0"	"F_SUD~~SCZ_PGC"	NA	NA	NA	0.000163398692810458	FALSE	FALSE	FALSE	FALSE	51	6
"Enhancer_AnderssonL2"	"F_SUD"	"~~"	"SCZ_PGC"	0.00501978310908668	1.98553401197701	NA	NA	NA	0	"lavaan->lav_lavaan_step11_estoptim():  
   the optimizer warns that a solution has NOT been found!"	"F_SUD~~SCZ_PGC"	NA	NA	NA	0.000163398692810458	FALSE	TRUE	FALSE	FALSE	51	6
"Enhancer_HoffmanL2"	"F_SUD"	"~~"	"SCZ_PGC"	0.0115420479446174	2.18127732369155	0.598032170336099	1.20244997877829	0.630919891393934	0	"0"	"F_SUD~~SCZ_PGC"	NA	NA	NA	0.000163398692810458	FALSE	FALSE	FALSE	FALSE	51	6
"FetalDHS_TrynkaL2"	"F_SUD"	"~~"	"SCZ_PGC"	0.0208253269899367	0.94239668064383	3.47119941953417	1.27819137868761	0.0265961572164318	0	"lavaan->lav_object_post_check():  
   some estimated ov variances are negative"	"F_SUD~~SCZ_PGC"	NA	NA	NA	0.000163398692810458	FALSE	TRUE	FALSE	FALSE	51	6
"H3K27ac_HniszL2"	"F_SUD"	"~~"	"SCZ_PGC"	0	0	1.13134214960749	0.155062402892144	0.198489842572662	0	"0"	"F_SUD~~SCZ_PGC"	NA	NA	NA	0.000163398692810458	FALSE	FALSE	FALSE	FALSE	51	6
"H3K27ac_PGC2L2"	"F_SUD"	"~~"	"SCZ_PGC"	0.0233884659579833	1.11443351746652	1.26796462672707	0.317113433990292	0.199052096277521	0	"0"	"F_SUD~~SCZ_PGC"	NA	NA	NA	0.000163398692810458	FALSE	FALSE	FALSE	FALSE	51	6
"H3K4me1_peaks_TrynkaL2"	"F_SUD"	"~~"	"SCZ_PGC"	0.0319011176667473	0.799523756392183	1.91191479358103	0.62937137997132	0.0736786282093271	0	"lavaan->lav_object_post_check():  
   some estimated ov variances are negative"	"F_SUD~~SCZ_PGC"	NA	NA	NA	0.000163398692810458	FALSE	TRUE	FALSE	FALSE	51	6
"H3K4me1_TrynkaL2"	"F_SUD"	"~~"	"SCZ_PGC"	0.00829302781212797	0.26666750200409	1.11048576882634	0.228420234564656	0.314301103565156	0	"0"	"F_SUD~~SCZ_PGC"	NA	NA	NA	0.000163398692810458	FALSE	FALSE	FALSE	FALSE	51	6
"H3K4me3_peaks_TrynkaL2"	"F_SUD"	"~~"	"SCZ_PGC"	0.00822075864429268	0.865856674493034	6.9009794483097	1.4859555025608	3.57605085931707e-05	0	"lavaan->lav_object_post_check():  
   covariance matrix of latent variables is not positive definite ; use 
   lavInspect(fit, ""cov.lv"") to investigate."	"F_SUD~~SCZ_PGC"	NA	NA	NA	0.000163398692810458	TRUE	TRUE	FALSE	FALSE	51	6
"H3K4me3_TrynkaL2"	"F_SUD"	"~~"	"SCZ_PGC"	0.00772740351326712	0.783407586322392	2.41089038150925	0.533564345857456	0.00409331656846122	0	"0"	"F_SUD~~SCZ_PGC"	NA	NA	NA	0.000163398692810458	FALSE	FALSE	FALSE	FALSE	51	6
"H3K9ac_peaks_TrynkaL2"	"F_SUD"	"~~"	"SCZ_PGC"	0.00966390702080234	1.57984746596072	3.80343674498103	1.51553425369041	0.0321711199168085	0	"0"	"F_SUD~~SCZ_PGC"	NA	NA	NA	0.000163398692810458	FALSE	FALSE	FALSE	FALSE	51	6
"H3K9ac_TrynkaL2"	"F_SUD"	"~~"	"SCZ_PGC"	0.00710022702197144	0.640371778330421	2.12314797900957	0.542073213959385	0.0191351052233543	0	"0"	"F_SUD~~SCZ_PGC"	NA	NA	NA	0.000163398692810458	FALSE	FALSE	FALSE	FALSE	51	6
"Intron_UCSCL2"	"F_SUD"	"~~"	"SCZ_PGC"	0.000796184722651798	0.242478754056586	1.06300448817211	0.101891989815629	0.268173695028488	0	"lavaan->lav_object_post_check():  
   some estimated ov variances are negative"	"F_SUD~~SCZ_PGC"	NA	NA	NA	0.000163398692810458	FALSE	TRUE	FALSE	FALSE	51	6
"PromoterFlanking_HoffmanL2"	"F_SUD"	"~~"	"SCZ_PGC"	0.00798128246736609	1.15431649662914	0.41789300162126	3.59886526089685	0.564247600915767	0	"lavaan->lav_object_post_check():  
   some estimated lv variances are negative"	"F_SUD~~SCZ_PGC"	NA	NA	NA	0.000163398692810458	FALSE	TRUE	FALSE	FALSE	51	6
"Promoter_UCSCL2"	"F_SUD"	"~~"	"SCZ_PGC"	0.00392469530809189	0.908372475130521	1.19917551989271	0.994198683536824	0.420608223272516	0	"0"	"F_SUD~~SCZ_PGC"	NA	NA	NA	0.000163398692810458	FALSE	FALSE	FALSE	FALSE	51	6
"Repressed_HoffmanL2"	"F_SUD"	"~~"	"SCZ_PGC"	0.00388382953970253	0.998331808104832	0.741085931431199	0.23487887655809	0.864840918073756	0	"lavaan->lav_object_post_check():  
   some estimated ov variances are negative"	"F_SUD~~SCZ_PGC"	NA	NA	NA	0.000163398692810458	FALSE	TRUE	FALSE	FALSE	51	6
"SuperEnhancer_HniszL2"	"F_SUD"	"~~"	"SCZ_PGC"	0.00178773880295907	0.933383621267406	1.24653039491012	0.213828649872403	0.124468666373797	0	"0"	"F_SUD~~SCZ_PGC"	NA	NA	NA	0.000163398692810458	FALSE	FALSE	FALSE	FALSE	51	6
"TFBS_ENCODEL2"	"F_SUD"	"~~"	"SCZ_PGC"	0.021506881823679	0.861898060381518	1.48724567159549	0.660889400625219	0.230482884114881	0	"lavaan->lav_object_post_check():  
   covariance matrix of latent variables is not positive definite ; use 
   lavInspect(fit, ""cov.lv"") to investigate."	"F_SUD~~SCZ_PGC"	NA	NA	NA	0.000163398692810458	FALSE	TRUE	FALSE	FALSE	51	6
"Transcr_HoffmanL2"	"F_SUD"	"~~"	"SCZ_PGC"	0.0378129996659444	1.23144008787503	1.02384770109013	0.240802407715237	0.46055551296678	0	"0"	"F_SUD~~SCZ_PGC"	NA	NA	NA	0.000163398692810458	FALSE	FALSE	FALSE	FALSE	51	6
"TSS_HoffmanL2"	"F_SUD"	"~~"	"SCZ_PGC"	0.00190124952819986	1.47481163958413	6.26062461114517	2.07576053240718	0.00563341995293071	0	"lavaan->lav_object_post_check():  
   covariance matrix of latent variables is not positive definite ; use 
   lavInspect(fit, ""cov.lv"") to investigate."	"F_SUD~~SCZ_PGC"	NA	NA	NA	0.000163398692810458	FALSE	TRUE	FALSE	FALSE	51	6
"UTR_3_UCSCL2"	"F_SUD"	"~~"	"SCZ_PGC"	0.00444109189938157	1.34371304340891	2.9719295238494	1.86547342264085	0.145240611807752	0	"lavaan->lav_object_post_check():  
   covariance matrix of latent variables is not positive definite ; use 
   lavInspect(fit, ""cov.lv"") to investigate."	"F_SUD~~SCZ_PGC"	NA	NA	NA	0.000163398692810458	FALSE	TRUE	FALSE	FALSE	51	6
"UTR_5_UCSCL2"	"F_SUD"	"~~"	"SCZ_PGC"	0.00396957054901262	1.93248982903626	NA	NA	NA	0	"lavaan->lav_lavaan_step11_estoptim():  
   the optimizer warns that a solution has NOT been found!"	"F_SUD~~SCZ_PGC"	NA	NA	NA	0.000163398692810458	FALSE	TRUE	FALSE	FALSE	51	6
"WeakEnhancer_HoffmanL2"	"F_SUD"	"~~"	"SCZ_PGC"	0.0123110256873805	2.11850057513851	3.34046875980923	2.03403839383817	0.124937875993064	0	"lavaan->lav_object_post_check():  
   covariance matrix of latent variables is not positive definite ; use 
   lavInspect(fit, ""cov.lv"") to investigate."	"F_SUD~~SCZ_PGC"	NA	NA	NA	0.000163398692810458	FALSE	TRUE	FALSE	FALSE	51	6
"GERP.RSsup4L2"	"F_SUD"	"~~"	"SCZ_PGC"	0.00166311432843718	0.902078929643571	18.2897922863261	4.65880486484854	0.000103136399180469	0	"lavaan->lav_object_post_check():  
   some estimated ov variances are negative"	"F_SUD~~SCZ_PGC"	NA	NA	NA	0.000163398692810458	TRUE	TRUE	FALSE	FALSE	51	6
"MAFbin1L2"	"F_SUD"	"~~"	"SCZ_PGC"	0.00439284595546691	1.78347432005805	0.836681240619267	0.205257823404896	0.786889860268542	0	"lavaan->lav_object_post_check():  
   covariance matrix of latent variables is not positive definite ; use 
   lavInspect(fit, ""cov.lv"") to investigate."	"F_SUD~~SCZ_PGC"	NA	NA	NA	0.000163398692810458	FALSE	TRUE	FALSE	FALSE	51	6
"MAFbin2L2"	"F_SUD"	"~~"	"SCZ_PGC"	0.00340230875886445	0.816242914625603	0.470924367439505	0.187381537263925	0.997625031411195	0	"0"	"F_SUD~~SCZ_PGC"	NA	NA	NA	0.000163398692810458	FALSE	FALSE	FALSE	FALSE	51	6
"MAFbin3L2"	"F_SUD"	"~~"	"SCZ_PGC"	0.00766293699603604	2.59080300444553	0.671508063097511	0.248832344107523	0.906604790942964	0	"0"	"F_SUD~~SCZ_PGC"	NA	NA	NA	0.000163398692810458	FALSE	FALSE	FALSE	FALSE	51	6
"MAFbin4L2"	"F_SUD"	"~~"	"SCZ_PGC"	0.00137964328205749	0.782636024968997	1.15848374512228	0.252031743773248	0.264731966459415	0	"0"	"F_SUD~~SCZ_PGC"	NA	NA	NA	0.000163398692810458	FALSE	FALSE	FALSE	FALSE	51	6
"MAFbin5L2"	"F_SUD"	"~~"	"SCZ_PGC"	0.00444744814303574	0.570926523442697	1.45402317352864	0.278449832124025	0.0514938668313107	0	"0"	"F_SUD~~SCZ_PGC"	NA	NA	NA	0.000163398692810458	FALSE	FALSE	FALSE	FALSE	51	6
"MAFbin6L2"	"F_SUD"	"~~"	"SCZ_PGC"	0.000923335223603543	0.72125865493666	0.703771330626477	0.295673395591789	0.841798739689556	0	"0"	"F_SUD~~SCZ_PGC"	NA	NA	NA	0.000163398692810458	FALSE	FALSE	FALSE	FALSE	51	6
"MAFbin7L2"	"F_SUD"	"~~"	"SCZ_PGC"	0.00144110460355316	0.50794224321506	1.34707060891146	0.286961798396067	0.113241885734048	0	"0"	"F_SUD~~SCZ_PGC"	NA	NA	NA	0.000163398692810458	FALSE	FALSE	FALSE	FALSE	51	6
"MAFbin8L2"	"F_SUD"	"~~"	"SCZ_PGC"	0.00114055898945371	0.852920148256136	0.599338587438337	0.326022418825001	0.890452515772944	0	"0"	"F_SUD~~SCZ_PGC"	NA	NA	NA	0.000163398692810458	FALSE	FALSE	FALSE	FALSE	51	6
"MAFbin9L2"	"F_SUD"	"~~"	"SCZ_PGC"	0.00066288057462322	0.34529713020679	1.45404385745438	0.333243389295141	0.0865201953231431	0	"lavaan->lav_object_post_check():  
   some estimated ov variances are negative"	"F_SUD~~SCZ_PGC"	NA	NA	NA	0.000163398692810458	FALSE	TRUE	FALSE	FALSE	51	6
"MAFbin10L2"	"F_SUD"	"~~"	"SCZ_PGC"	0.00540288453255361	0.749571322039047	1.2353463046159	0.321856177374782	0.232323692139693	0	"0"	"F_SUD~~SCZ_PGC"	NA	NA	NA	0.000163398692810458	FALSE	FALSE	FALSE	FALSE	51	6
"synonymousL2"	"F_SUD"	"~~"	"SCZ_PGC"	0.00506509532273076	1.46359402325061	NA	NA	NA	0	"lavaan->lav_lavaan_step11_estoptim():  
   the optimizer warns that a solution has NOT been found!"	"F_SUD~~SCZ_PGC"	NA	NA	NA	0.000163398692810458	FALSE	TRUE	FALSE	FALSE	51	6
"non_synonymousL2"	"F_SUD"	"~~"	"SCZ_PGC"	0.00820968954682428	2.32036141467008	NA	NA	NA	0	"lavaan->lav_lavaan_step11_estoptim():  
   the optimizer warns that a solution has NOT been found!"	"F_SUD~~SCZ_PGC"	NA	NA	NA	0.000163398692810458	FALSE	TRUE	FALSE	FALSE	51	6
"Conserved_Vertebrate_phastCons46wayL2"	"F_SUD"	"~~"	"SCZ_PGC"	0.00913849381719993	1.19201173201238	8.01281653001882	1.98176378888861	0.000201070869672349	0	"0"	"F_SUD~~SCZ_PGC"	NA	NA	NA	0.000163398692810458	FALSE	FALSE	FALSE	FALSE	51	6
"Conserved_Mammal_phastCons46wayL2"	"F_SUD"	"~~"	"SCZ_PGC"	0.00360267964878127	0.916572437011484	9.62338911110226	2.82380157428838	0.00112972817541636	0	"0"	"F_SUD~~SCZ_PGC"	NA	NA	NA	0.000163398692810458	FALSE	FALSE	FALSE	FALSE	51	6
"Conserved_Primate_phastCons46wayL2"	"F_SUD"	"~~"	"SCZ_PGC"	0.00458301709777757	0.813634728646259	13.8598945956839	2.52279034647454	1.72094724968994e-07	0	"0"	"F_SUD~~SCZ_PGC"	NA	NA	NA	0.000163398692810458	TRUE	FALSE	FALSE	TRUE	51	6
"BivFlnkL2"	"F_SUD"	"~~"	"SCZ_PGC"	0.00382734567121631	1.19011772164613	5.7702048054052	2.32351698583831	0.0200357788234383	0	"0"	"F_SUD~~SCZ_PGC"	NA	NA	NA	0.000163398692810458	FALSE	FALSE	FALSE	FALSE	51	6
"Human_Promoter_VillarL2"	"F_SUD"	"~~"	"SCZ_PGC"	0.00705271009995347	0.961816839148933	5.32648192737618	1.92097103194566	0.0121536512519941	0	"lavaan->lav_object_post_check():  
   some estimated ov variances are negative"	"F_SUD~~SCZ_PGC"	NA	NA	NA	0.000163398692810458	FALSE	TRUE	FALSE	FALSE	51	6
"Human_Enhancer_VillarL2"	"F_SUD"	"~~"	"SCZ_PGC"	0.0121592272297596	1.69396726066646	2.18560232884132	0.781722403241773	0.064677045044533	0	"lavaan->lav_object_post_check():  
   some estimated lv variances are negative"	"F_SUD~~SCZ_PGC"	NA	NA	NA	0.000163398692810458	FALSE	TRUE	FALSE	FALSE	51	6
"Ancient_Sequence_Age_Human_PromoterL2"	"F_SUD"	"~~"	"SCZ_PGC"	0.00128219556240797	1.44176648804497	16.8557988632894	6.60480983060212	0.0081831189877316	0	"0"	"F_SUD~~SCZ_PGC"	NA	NA	NA	0.000163398692810458	FALSE	FALSE	FALSE	FALSE	51	6
"Ancient_Sequence_Age_Human_EnhancerL2"	"F_SUD"	"~~"	"SCZ_PGC"	0.0115602257878298	1.97182680463417	11.3421382597646	4.73443467629225	0.0144645799299374	0	"lavaan->lav_object_post_check():  
   some estimated lv variances are negative"	"F_SUD~~SCZ_PGC"	NA	NA	NA	0.000163398692810458	FALSE	TRUE	FALSE	FALSE	51	6
"Human_Promoter_Villar_ExACL2"	"F_SUD"	"~~"	"SCZ_PGC"	0.00301274387167614	1.09079657334993	17.9431429934695	5.40747235254569	0.000864312446286834	0	"lavaan->lav_object_post_check():  
   some estimated ov variances are negative"	"F_SUD~~SCZ_PGC"	NA	NA	NA	0.000163398692810458	FALSE	TRUE	FALSE	FALSE	51	6
"baseL2"	"F_COMP"	"~~"	"SCZ_FG"	0	0	0.999999626328793	0.238389682705125	0.500000625334292	0	"0"	"F_COMP~~SCZ_FG"	NA	NA	NA	0.000163398692810458	FALSE	FALSE	FALSE	FALSE	51	6
"Coding_UCSCL2"	"F_COMP"	"~~"	"SCZ_FG"	0.00503848720574876	1.05016988976779	20.2898817966356	9.66139561262172	0.022934667864494	0	"lavaan->lav_object_post_check():  
   some estimated ov variances are negative"	"F_COMP~~SCZ_FG"	NA	NA	NA	0.000163398692810458	FALSE	TRUE	FALSE	FALSE	51	6
"Conserved_LindbladTohL2"	"F_COMP"	"~~"	"SCZ_FG"	0.00174853894222563	0.697906754127202	1.92005748680499	9.46911773195998	0.461298072771745	0	"0"	"F_COMP~~SCZ_FG"	NA	NA	NA	0.000163398692810458	FALSE	FALSE	FALSE	FALSE	51	6
"CTCF_HoffmanL2"	"F_COMP"	"~~"	"SCZ_FG"	0.0322335433063878	2.49865427667858	6.67394547553914	9.55103890940561	0.27623405538441	0	"0"	"F_COMP~~SCZ_FG"	NA	NA	NA	0.000163398692810458	FALSE	FALSE	FALSE	FALSE	51	6
"DGF_ENCODEL2"	"F_COMP"	"~~"	"SCZ_FG"	0.0457147900162544	2.12817144113385	5.91905835353718	4.09739182425811	0.114966000645143	0	"lavaan->lav_object_post_check():  
   some estimated ov variances are negative"	"F_COMP~~SCZ_FG"	NA	NA	NA	0.000163398692810458	FALSE	TRUE	FALSE	FALSE	51	6
"DHS_peaks_TrynkaL2"	"F_COMP"	"~~"	"SCZ_FG"	0.0251848050005663	1.34224984178974	-0.489523931476877	4.56276100634273	0.627958922239849	0	"0"	"F_COMP~~SCZ_FG"	NA	NA	NA	0.000163398692810458	FALSE	FALSE	FALSE	FALSE	51	6
"DHS_TrynkaL2"	"F_COMP"	"~~"	"SCZ_FG"	0.0195883033999108	1.22872879150856	-0.249555779206021	3.22969612872749	0.65058331457587	0	"0"	"F_COMP~~SCZ_FG"	NA	NA	NA	0.000163398692810458	FALSE	FALSE	FALSE	FALSE	51	6
"Enhancer_AnderssonL2"	"F_COMP"	"~~"	"SCZ_FG"	0.00501978310908668	1.98553401197701	NA	NA	NA	0	"lavaan->lav_lavaan_step11_estoptim():  
   the optimizer warns that a solution has NOT been found!"	"F_COMP~~SCZ_FG"	NA	NA	NA	0.000163398692810458	FALSE	TRUE	FALSE	FALSE	51	6
"Enhancer_HoffmanL2"	"F_COMP"	"~~"	"SCZ_FG"	0.0115420479446174	2.18127732369155	-1.51627514256569	4.97206190028572	0.693600747202413	0	"0"	"F_COMP~~SCZ_FG"	NA	NA	NA	0.000163398692810458	FALSE	FALSE	FALSE	FALSE	51	6
"FetalDHS_TrynkaL2"	"F_COMP"	"~~"	"SCZ_FG"	0.0208253269899367	0.94239668064383	-5.6818903305819	4.83407200408902	0.916552342865185	0	"lavaan->lav_object_post_check():  
   some estimated ov variances are negative"	"F_COMP~~SCZ_FG"	NA	NA	NA	0.000163398692810458	FALSE	TRUE	FALSE	FALSE	51	6
"H3K27ac_HniszL2"	"F_COMP"	"~~"	"SCZ_FG"	0	0	1.16019654065753	0.595592511119051	0.393976369549027	0	"0"	"F_COMP~~SCZ_FG"	NA	NA	NA	0.000163398692810458	FALSE	FALSE	FALSE	FALSE	51	6
"H3K27ac_PGC2L2"	"F_COMP"	"~~"	"SCZ_FG"	0.0233884659579833	1.11443351746652	0.60787425999427	1.18948387937037	0.629171713356297	0	"0"	"F_COMP~~SCZ_FG"	NA	NA	NA	0.000163398692810458	FALSE	FALSE	FALSE	FALSE	51	6
"H3K4me1_peaks_TrynkaL2"	"F_COMP"	"~~"	"SCZ_FG"	0.0319011176667473	0.799523756392183	6.06044673900883	2.71677514365327	0.0312545830425901	0	"lavaan->lav_object_post_check():  
   some estimated ov variances are negative"	"F_COMP~~SCZ_FG"	NA	NA	NA	0.000163398692810458	FALSE	TRUE	FALSE	FALSE	51	6
"H3K4me1_TrynkaL2"	"F_COMP"	"~~"	"SCZ_FG"	0.00829302781212797	0.26666750200409	1.10695677034827	1.07976932630211	0.460547219762651	0	"0"	"F_COMP~~SCZ_FG"	NA	NA	NA	0.000163398692810458	FALSE	FALSE	FALSE	FALSE	51	6
"H3K4me3_peaks_TrynkaL2"	"F_COMP"	"~~"	"SCZ_FG"	0.00822075864429268	0.865856674493034	3.80413697648746	7.35151229856541	0.351439597070915	0	"lavaan->lav_object_post_check():  
   covariance matrix of latent variables is not positive definite ; use 
   lavInspect(fit, ""cov.lv"") to investigate."	"F_COMP~~SCZ_FG"	NA	NA	NA	0.000163398692810458	FALSE	TRUE	FALSE	FALSE	51	6
"H3K4me3_TrynkaL2"	"F_COMP"	"~~"	"SCZ_FG"	0.00772740351326712	0.783407586322392	3.64420143732422	1.99211789957929	0.092199474502587	0	"0"	"F_COMP~~SCZ_FG"	NA	NA	NA	0.000163398692810458	FALSE	FALSE	FALSE	FALSE	51	6
"H3K9ac_peaks_TrynkaL2"	"F_COMP"	"~~"	"SCZ_FG"	0.00966390702080234	1.57984746596072	5.86683521780143	7.11486157897128	0.246975606018921	0	"0"	"F_COMP~~SCZ_FG"	NA	NA	NA	0.000163398692810458	FALSE	FALSE	FALSE	FALSE	51	6
"H3K9ac_TrynkaL2"	"F_COMP"	"~~"	"SCZ_FG"	0.00710022702197144	0.640371778330421	2.50978333544376	2.35272101335185	0.260528162020276	0	"0"	"F_COMP~~SCZ_FG"	NA	NA	NA	0.000163398692810458	FALSE	FALSE	FALSE	FALSE	51	6
"Intron_UCSCL2"	"F_COMP"	"~~"	"SCZ_FG"	0.000796184722651798	0.242478754056586	0.569893887178393	0.4280693583051	0.842493304138	0	"lavaan->lav_object_post_check():  
   some estimated ov variances are negative"	"F_COMP~~SCZ_FG"	NA	NA	NA	0.000163398692810458	FALSE	TRUE	FALSE	FALSE	51	6
"PromoterFlanking_HoffmanL2"	"F_COMP"	"~~"	"SCZ_FG"	0.00798128246736609	1.15431649662914	-4.42297049668707	16.476006298982	0.628976389659645	0	"lavaan->lav_object_post_check():  
   some estimated lv variances are negative"	"F_COMP~~SCZ_FG"	NA	NA	NA	0.000163398692810458	FALSE	TRUE	FALSE	FALSE	51	6
"Promoter_UCSCL2"	"F_COMP"	"~~"	"SCZ_FG"	0.00392469530809189	0.908372475130521	6.60404390634959	3.99228412796888	0.0802013150981902	0	"0"	"F_COMP~~SCZ_FG"	NA	NA	NA	0.000163398692810458	FALSE	FALSE	FALSE	FALSE	51	6
"Repressed_HoffmanL2"	"F_COMP"	"~~"	"SCZ_FG"	0.00388382953970253	0.998331808104832	1.28735816352965	0.961443162256111	0.382514997835372	0	"lavaan->lav_object_post_check():  
   some estimated ov variances are negative"	"F_COMP~~SCZ_FG"	NA	NA	NA	0.000163398692810458	FALSE	TRUE	FALSE	FALSE	51	6
"SuperEnhancer_HniszL2"	"F_COMP"	"~~"	"SCZ_FG"	0.00178773880295907	0.933383621267406	1.5965544850952	0.706975153219379	0.199387089289119	0	"0"	"F_COMP~~SCZ_FG"	NA	NA	NA	0.000163398692810458	FALSE	FALSE	FALSE	FALSE	51	6
"TFBS_ENCODEL2"	"F_COMP"	"~~"	"SCZ_FG"	0.021506881823679	0.861898060381518	3.8830668867695	3.45939048434185	0.202308702645077	0	"lavaan->lav_object_post_check():  
   covariance matrix of latent variables is not positive definite ; use 
   lavInspect(fit, ""cov.lv"") to investigate."	"F_COMP~~SCZ_FG"	NA	NA	NA	0.000163398692810458	FALSE	TRUE	FALSE	FALSE	51	6
"Transcr_HoffmanL2"	"F_COMP"	"~~"	"SCZ_FG"	0.0378129996659444	1.23144008787503	0.243389022238437	1.07232600640676	0.759775083537355	0	"0"	"F_COMP~~SCZ_FG"	NA	NA	NA	0.000163398692810458	FALSE	FALSE	FALSE	FALSE	51	6
"TSS_HoffmanL2"	"F_COMP"	"~~"	"SCZ_FG"	0.00190124952819986	1.47481163958413	18.0685919013254	8.84905951706595	0.0268741577323878	0	"lavaan->lav_object_post_check():  
   covariance matrix of latent variables is not positive definite ; use 
   lavInspect(fit, ""cov.lv"") to investigate."	"F_COMP~~SCZ_FG"	NA	NA	NA	0.000163398692810458	FALSE	TRUE	FALSE	FALSE	51	6
"UTR_3_UCSCL2"	"F_COMP"	"~~"	"SCZ_FG"	0.00444109189938157	1.34371304340891	27.4783868713128	9.92132508469494	0.00380573332633303	0	"lavaan->lav_object_post_check():  
   covariance matrix of latent variables is not positive definite ; use 
   lavInspect(fit, ""cov.lv"") to investigate."	"F_COMP~~SCZ_FG"	NA	NA	NA	0.000163398692810458	FALSE	TRUE	FALSE	FALSE	51	6
"UTR_5_UCSCL2"	"F_COMP"	"~~"	"SCZ_FG"	0.00396957054901262	1.93248982903626	NA	NA	NA	0	"lavaan->lav_lavaan_step11_estoptim():  
   the optimizer warns that a solution has NOT been found!"	"F_COMP~~SCZ_FG"	NA	NA	NA	0.000163398692810458	FALSE	TRUE	FALSE	FALSE	51	6
"WeakEnhancer_HoffmanL2"	"F_COMP"	"~~"	"SCZ_FG"	0.0123110256873805	2.11850057513851	0.923456787461104	9.7450547309478	0.503133487765793	0	"lavaan->lav_object_post_check():  
   covariance matrix of latent variables is not positive definite ; use 
   lavInspect(fit, ""cov.lv"") to investigate."	"F_COMP~~SCZ_FG"	NA	NA	NA	0.000163398692810458	FALSE	TRUE	FALSE	FALSE	51	6
"GERP.RSsup4L2"	"F_COMP"	"~~"	"SCZ_FG"	0.00166311432843718	0.902078929643571	5.85910340577262	17.4329716625706	0.390225772081701	0	"lavaan->lav_object_post_check():  
   some estimated ov variances are negative"	"F_COMP~~SCZ_FG"	NA	NA	NA	0.000163398692810458	FALSE	TRUE	FALSE	FALSE	51	6
"MAFbin1L2"	"F_COMP"	"~~"	"SCZ_FG"	0.00439284595546691	1.78347432005805	0.210076813984529	0.950465527916731	0.79703884063215	0	"lavaan->lav_object_post_check():  
   covariance matrix of latent variables is not positive definite ; use 
   lavInspect(fit, ""cov.lv"") to investigate."	"F_COMP~~SCZ_FG"	NA	NA	NA	0.000163398692810458	FALSE	TRUE	FALSE	FALSE	51	6
"MAFbin2L2"	"F_COMP"	"~~"	"SCZ_FG"	0.00340230875886445	0.816242914625603	0.774227163734205	0.992893919634439	0.589939238503956	0	"0"	"F_COMP~~SCZ_FG"	NA	NA	NA	0.000163398692810458	FALSE	FALSE	FALSE	FALSE	51	6
"MAFbin3L2"	"F_COMP"	"~~"	"SCZ_FG"	0.00766293699603604	2.59080300444553	-2.56513147570216	0.972239791625782	0.999877258153117	0	"0"	"F_COMP~~SCZ_FG"	NA	NA	NA	0.000163398692810458	FALSE	FALSE	FALSE	FALSE	51	6
"MAFbin4L2"	"F_COMP"	"~~"	"SCZ_FG"	0.00137964328205749	0.782636024968997	2.5048144350838	0.995757997343967	0.0653655603683434	0	"0"	"F_COMP~~SCZ_FG"	NA	NA	NA	0.000163398692810458	FALSE	FALSE	FALSE	FALSE	51	6
"MAFbin5L2"	"F_COMP"	"~~"	"SCZ_FG"	0.00444744814303574	0.570926523442697	1.6095119464658	1.07575690038647	0.285496750339525	0	"0"	"F_COMP~~SCZ_FG"	NA	NA	NA	0.000163398692810458	FALSE	FALSE	FALSE	FALSE	51	6
"MAFbin6L2"	"F_COMP"	"~~"	"SCZ_FG"	0.000923335223603543	0.72125865493666	1.57605050209254	1.0369222380291	0.289263100492672	0	"0"	"F_COMP~~SCZ_FG"	NA	NA	NA	0.000163398692810458	FALSE	FALSE	FALSE	FALSE	51	6
"MAFbin7L2"	"F_COMP"	"~~"	"SCZ_FG"	0.00144110460355316	0.50794224321506	1.0156860702371	1.06030663647542	0.494098303114704	0	"0"	"F_COMP~~SCZ_FG"	NA	NA	NA	0.000163398692810458	FALSE	FALSE	FALSE	FALSE	51	6
"MAFbin8L2"	"F_COMP"	"~~"	"SCZ_FG"	0.00114055898945371	0.852920148256136	-0.17505023516619	1.10195462662865	0.856863360202182	0	"0"	"F_COMP~~SCZ_FG"	NA	NA	NA	0.000163398692810458	FALSE	FALSE	FALSE	FALSE	51	6
"MAFbin9L2"	"F_COMP"	"~~"	"SCZ_FG"	0.00066288057462322	0.34529713020679	3.18672989049935	1.06569028971287	0.0200878674326673	0	"lavaan->lav_object_post_check():  
   some estimated ov variances are negative"	"F_COMP~~SCZ_FG"	NA	NA	NA	0.000163398692810458	FALSE	TRUE	FALSE	FALSE	51	6
"MAFbin10L2"	"F_COMP"	"~~"	"SCZ_FG"	0.00540288453255361	0.749571322039047	1.75357876118923	0.995791906988077	0.224595844382646	0	"0"	"F_COMP~~SCZ_FG"	NA	NA	NA	0.000163398692810458	FALSE	FALSE	FALSE	FALSE	51	6
"synonymousL2"	"F_COMP"	"~~"	"SCZ_FG"	0.00506509532273076	1.46359402325061	NA	NA	NA	0	"lavaan->lav_lavaan_step11_estoptim():  
   the optimizer warns that a solution has NOT been found!"	"F_COMP~~SCZ_FG"	NA	NA	NA	0.000163398692810458	FALSE	TRUE	FALSE	FALSE	51	6
"non_synonymousL2"	"F_COMP"	"~~"	"SCZ_FG"	0.00820968954682428	2.32036141467008	NA	NA	NA	0	"lavaan->lav_lavaan_step11_estoptim():  
   the optimizer warns that a solution has NOT been found!"	"F_COMP~~SCZ_FG"	NA	NA	NA	0.000163398692810458	FALSE	TRUE	FALSE	FALSE	51	6
"Conserved_Vertebrate_phastCons46wayL2"	"F_COMP"	"~~"	"SCZ_FG"	0.00913849381719993	1.19201173201238	-0.808394601068892	7.40864775530899	0.596420370222574	0	"0"	"F_COMP~~SCZ_FG"	NA	NA	NA	0.000163398692810458	FALSE	FALSE	FALSE	FALSE	51	6
"Conserved_Mammal_phastCons46wayL2"	"F_COMP"	"~~"	"SCZ_FG"	0.00360267964878127	0.916572437011484	6.41795581937733	10.2683659064639	0.298876125606389	0	"0"	"F_COMP~~SCZ_FG"	NA	NA	NA	0.000163398692810458	FALSE	FALSE	FALSE	FALSE	51	6
"Conserved_Primate_phastCons46wayL2"	"F_COMP"	"~~"	"SCZ_FG"	0.00458301709777757	0.813634728646259	5.17497437059208	10.0944318355681	0.339586534784578	0	"0"	"F_COMP~~SCZ_FG"	NA	NA	NA	0.000163398692810458	FALSE	FALSE	FALSE	FALSE	51	6
"BivFlnkL2"	"F_COMP"	"~~"	"SCZ_FG"	0.00382734567121631	1.19011772164613	-1.8627726334046	11.4283056478693	0.598899041031217	0	"0"	"F_COMP~~SCZ_FG"	NA	NA	NA	0.000163398692810458	FALSE	FALSE	FALSE	FALSE	51	6
"Human_Promoter_VillarL2"	"F_COMP"	"~~"	"SCZ_FG"	0.00705271009995347	0.961816839148933	4.61652395833607	7.64877110066827	0.318169309159079	0	"lavaan->lav_object_post_check():  
   some estimated ov variances are negative"	"F_COMP~~SCZ_FG"	NA	NA	NA	0.000163398692810458	FALSE	TRUE	FALSE	FALSE	51	6
"Human_Enhancer_VillarL2"	"F_COMP"	"~~"	"SCZ_FG"	0.0121592272297596	1.69396726066646	2.77009600105931	3.4562226113796	0.304273868051679	0	"lavaan->lav_object_post_check():  
   some estimated lv variances are negative"	"F_COMP~~SCZ_FG"	NA	NA	NA	0.000163398692810458	FALSE	TRUE	FALSE	FALSE	51	6
"Ancient_Sequence_Age_Human_PromoterL2"	"F_COMP"	"~~"	"SCZ_FG"	0.00128219556240797	1.44176648804497	-3.39960748761257	20.6725899122302	0.584267580513489	0	"0"	"F_COMP~~SCZ_FG"	NA	NA	NA	0.000163398692810458	FALSE	FALSE	FALSE	FALSE	51	6
"Ancient_Sequence_Age_Human_EnhancerL2"	"F_COMP"	"~~"	"SCZ_FG"	0.0115602257878298	1.97182680463417	18.3726277089222	19.6583589813678	0.188421730692854	0	"lavaan->lav_object_post_check():  
   some estimated lv variances are negative"	"F_COMP~~SCZ_FG"	NA	NA	NA	0.000163398692810458	FALSE	TRUE	FALSE	FALSE	51	6
"Human_Promoter_Villar_ExACL2"	"F_COMP"	"~~"	"SCZ_FG"	0.00301274387167614	1.09079657334993	50.8602001445145	23.6004507701223	0.0173140834635225	0	"lavaan->lav_object_post_check():  
   some estimated ov variances are negative"	"F_COMP~~SCZ_FG"	NA	NA	NA	0.000163398692810458	FALSE	TRUE	FALSE	FALSE	51	6
"baseL2"	"F_INT"	"~~"	"SCZ_FG"	0	0	1.00000112376045	0.279054226936666	0.499998393446452	0	"0"	"F_INT~~SCZ_FG"	NA	NA	NA	0.000163398692810458	FALSE	FALSE	FALSE	FALSE	51	6
"Coding_UCSCL2"	"F_INT"	"~~"	"SCZ_FG"	0.00503848720574876	1.05016988976779	11.9210787158668	9.88409051455567	0.134598236387713	0	"lavaan->lav_object_post_check():  
   some estimated ov variances are negative"	"F_INT~~SCZ_FG"	NA	NA	NA	0.000163398692810458	FALSE	TRUE	FALSE	FALSE	51	6
"Conserved_LindbladTohL2"	"F_INT"	"~~"	"SCZ_FG"	0.00174853894222563	0.697906754127202	-0.97413768266815	10.6946005092014	0.573225468873984	0	"0"	"F_INT~~SCZ_FG"	NA	NA	NA	0.000163398692810458	FALSE	FALSE	FALSE	FALSE	51	6
"CTCF_HoffmanL2"	"F_INT"	"~~"	"SCZ_FG"	0.0322335433063878	2.49865427667858	0.988245129888709	8.88452584392887	0.50052782932958	0	"0"	"F_INT~~SCZ_FG"	NA	NA	NA	0.000163398692810458	FALSE	FALSE	FALSE	FALSE	51	6
"DGF_ENCODEL2"	"F_INT"	"~~"	"SCZ_FG"	0.0457147900162544	2.12817144113385	-2.68575269211071	4.50678232850107	0.793271023655951	0	"lavaan->lav_object_post_check():  
   some estimated ov variances are negative"	"F_INT~~SCZ_FG"	NA	NA	NA	0.000163398692810458	FALSE	TRUE	FALSE	FALSE	51	6
"DHS_peaks_TrynkaL2"	"F_INT"	"~~"	"SCZ_FG"	0.0251848050005663	1.34224984178974	-1.66794704268713	4.91573536547164	0.70634424263564	0	"0"	"F_INT~~SCZ_FG"	NA	NA	NA	0.000163398692810458	FALSE	FALSE	FALSE	FALSE	51	6
"DHS_TrynkaL2"	"F_INT"	"~~"	"SCZ_FG"	0.0195883033999108	1.22872879150856	-0.370390553869245	3.7997356598204	0.640821009757306	0	"0"	"F_INT~~SCZ_FG"	NA	NA	NA	0.000163398692810458	FALSE	FALSE	FALSE	FALSE	51	6
"Enhancer_AnderssonL2"	"F_INT"	"~~"	"SCZ_FG"	0.00501978310908668	1.98553401197701	NA	NA	NA	0	"lavaan->lav_lavaan_step11_estoptim():  
   the optimizer warns that a solution has NOT been found!"	"F_INT~~SCZ_FG"	NA	NA	NA	0.000163398692810458	FALSE	TRUE	FALSE	FALSE	51	6
"Enhancer_HoffmanL2"	"F_INT"	"~~"	"SCZ_FG"	0.0115420479446174	2.18127732369155	0.925243771632432	5.11989185814929	0.505824802825522	0	"0"	"F_INT~~SCZ_FG"	NA	NA	NA	0.000163398692810458	FALSE	FALSE	FALSE	FALSE	51	6
"FetalDHS_TrynkaL2"	"F_INT"	"~~"	"SCZ_FG"	0.0208253269899367	0.94239668064383	-0.975415942621856	5.51149534112945	0.639984521563975	0	"lavaan->lav_object_post_check():  
   some estimated ov variances are negative"	"F_INT~~SCZ_FG"	NA	NA	NA	0.000163398692810458	FALSE	TRUE	FALSE	FALSE	51	6
"H3K27ac_HniszL2"	"F_INT"	"~~"	"SCZ_FG"	0	0	0.699619783899798	0.564682819330683	0.702617963928473	0	"0"	"F_INT~~SCZ_FG"	NA	NA	NA	0.000163398692810458	FALSE	FALSE	FALSE	FALSE	51	6
"H3K27ac_PGC2L2"	"F_INT"	"~~"	"SCZ_FG"	0.0233884659579833	1.11443351746652	-0.694036145295504	1.27190385488753	0.908551846728882	0	"0"	"F_INT~~SCZ_FG"	NA	NA	NA	0.000163398692810458	FALSE	FALSE	FALSE	FALSE	51	6
"H3K4me1_peaks_TrynkaL2"	"F_INT"	"~~"	"SCZ_FG"	0.0319011176667473	0.799523756392183	2.50703048025881	3.16775987321482	0.317129765270398	0	"lavaan->lav_object_post_check():  
   some estimated ov variances are negative"	"F_INT~~SCZ_FG"	NA	NA	NA	0.000163398692810458	FALSE	TRUE	FALSE	FALSE	51	6
"H3K4me1_TrynkaL2"	"F_INT"	"~~"	"SCZ_FG"	0.00829302781212797	0.26666750200409	1.23081503072949	1.14349640354584	0.420016899518964	0	"0"	"F_INT~~SCZ_FG"	NA	NA	NA	0.000163398692810458	FALSE	FALSE	FALSE	FALSE	51	6
"H3K4me3_peaks_TrynkaL2"	"F_INT"	"~~"	"SCZ_FG"	0.00822075864429268	0.865856674493034	-1.3983811526189	7.55810438308703	0.624501780251136	0	"lavaan->lav_object_post_check():  
   covariance matrix of latent variables is not positive definite ; use 
   lavInspect(fit, ""cov.lv"") to investigate."	"F_INT~~SCZ_FG"	NA	NA	NA	0.000163398692810458	FALSE	TRUE	FALSE	FALSE	51	6
"H3K4me3_TrynkaL2"	"F_INT"	"~~"	"SCZ_FG"	0.00772740351326712	0.783407586322392	0.926259170914337	2.02788003941398	0.514503743759492	0	"0"	"F_INT~~SCZ_FG"	NA	NA	NA	0.000163398692810458	FALSE	FALSE	FALSE	FALSE	51	6
"H3K9ac_peaks_TrynkaL2"	"F_INT"	"~~"	"SCZ_FG"	0.00966390702080234	1.57984746596072	-0.59749754368691	7.4051161487026	0.585400462753094	0	"0"	"F_INT~~SCZ_FG"	NA	NA	NA	0.000163398692810458	FALSE	FALSE	FALSE	FALSE	51	6
"H3K9ac_TrynkaL2"	"F_INT"	"~~"	"SCZ_FG"	0.00710022702197144	0.640371778330421	0.819667315136037	2.09576477256468	0.534285171536785	0	"0"	"F_INT~~SCZ_FG"	NA	NA	NA	0.000163398692810458	FALSE	FALSE	FALSE	FALSE	51	6
"Intron_UCSCL2"	"F_INT"	"~~"	"SCZ_FG"	0.000796184722651798	0.242478754056586	1.13448567815004	0.498144375628977	0.393590399505732	0	"lavaan->lav_object_post_check():  
   some estimated ov variances are negative"	"F_INT~~SCZ_FG"	NA	NA	NA	0.000163398692810458	FALSE	TRUE	FALSE	FALSE	51	6
"PromoterFlanking_HoffmanL2"	"F_INT"	"~~"	"SCZ_FG"	0.00798128246736609	1.15431649662914	-6.27689897262085	17.9944091776398	0.65703988069624	0	"lavaan->lav_object_post_check():  
   some estimated lv variances are negative"	"F_INT~~SCZ_FG"	NA	NA	NA	0.000163398692810458	FALSE	TRUE	FALSE	FALSE	51	6
"Promoter_UCSCL2"	"F_INT"	"~~"	"SCZ_FG"	0.00392469530809189	0.908372475130521	1.0414456977274	4.46325848214548	0.496295485997981	0	"0"	"F_INT~~SCZ_FG"	NA	NA	NA	0.000163398692810458	FALSE	FALSE	FALSE	FALSE	51	6
"Repressed_HoffmanL2"	"F_INT"	"~~"	"SCZ_FG"	0.00388382953970253	0.998331808104832	1.73056278055787	1.06675735591844	0.246721063292625	0	"lavaan->lav_object_post_check():  
   some estimated ov variances are negative"	"F_INT~~SCZ_FG"	NA	NA	NA	0.000163398692810458	FALSE	TRUE	FALSE	FALSE	51	6
"SuperEnhancer_HniszL2"	"F_INT"	"~~"	"SCZ_FG"	0.00178773880295907	0.933383621267406	0.921936165368709	0.794892003849386	0.539115975800676	0	"0"	"F_INT~~SCZ_FG"	NA	NA	NA	0.000163398692810458	FALSE	FALSE	FALSE	FALSE	51	6
"TFBS_ENCODEL2"	"F_INT"	"~~"	"SCZ_FG"	0.021506881823679	0.861898060381518	2.15507542476739	3.60358534340493	0.374281380624288	0	"lavaan->lav_object_post_check():  
   covariance matrix of latent variables is not positive definite ; use 
   lavInspect(fit, ""cov.lv"") to investigate."	"F_INT~~SCZ_FG"	NA	NA	NA	0.000163398692810458	FALSE	TRUE	FALSE	FALSE	51	6
"Transcr_HoffmanL2"	"F_INT"	"~~"	"SCZ_FG"	0.0378129996659444	1.23144008787503	0.801826914259925	1.15120073528518	0.568338107478354	0	"0"	"F_INT~~SCZ_FG"	NA	NA	NA	0.000163398692810458	FALSE	FALSE	FALSE	FALSE	51	6
"TSS_HoffmanL2"	"F_INT"	"~~"	"SCZ_FG"	0.00190124952819986	1.47481163958413	11.9116496873398	9.60033937675194	0.127854862182245	0	"lavaan->lav_object_post_check():  
   covariance matrix of latent variables is not positive definite ; use 
   lavInspect(fit, ""cov.lv"") to investigate."	"F_INT~~SCZ_FG"	NA	NA	NA	0.000163398692810458	FALSE	TRUE	FALSE	FALSE	51	6
"UTR_3_UCSCL2"	"F_INT"	"~~"	"SCZ_FG"	0.00444109189938157	1.34371304340891	8.31485055839774	9.46041199386008	0.219700136505167	0	"lavaan->lav_object_post_check():  
   covariance matrix of latent variables is not positive definite ; use 
   lavInspect(fit, ""cov.lv"") to investigate."	"F_INT~~SCZ_FG"	NA	NA	NA	0.000163398692810458	FALSE	TRUE	FALSE	FALSE	51	6
"UTR_5_UCSCL2"	"F_INT"	"~~"	"SCZ_FG"	0.00396957054901262	1.93248982903626	NA	NA	NA	0	"lavaan->lav_lavaan_step11_estoptim():  
   the optimizer warns that a solution has NOT been found!"	"F_INT~~SCZ_FG"	NA	NA	NA	0.000163398692810458	FALSE	TRUE	FALSE	FALSE	51	6
"WeakEnhancer_HoffmanL2"	"F_INT"	"~~"	"SCZ_FG"	0.0123110256873805	2.11850057513851	6.3776677831733	10.07488171014	0.296750398751247	0	"lavaan->lav_object_post_check():  
   covariance matrix of latent variables is not positive definite ; use 
   lavInspect(fit, ""cov.lv"") to investigate."	"F_INT~~SCZ_FG"	NA	NA	NA	0.000163398692810458	FALSE	TRUE	FALSE	FALSE	51	6
"GERP.RSsup4L2"	"F_INT"	"~~"	"SCZ_FG"	0.00166311432843718	0.902078929643571	4.84817904253979	22.0593525478545	0.430757247242796	0	"lavaan->lav_object_post_check():  
   some estimated ov variances are negative"	"F_INT~~SCZ_FG"	NA	NA	NA	0.000163398692810458	FALSE	TRUE	FALSE	FALSE	51	6
"MAFbin1L2"	"F_INT"	"~~"	"SCZ_FG"	0.00439284595546691	1.78347432005805	0.691317757043282	0.98648800360059	0.622825588533409	0	"lavaan->lav_object_post_check():  
   covariance matrix of latent variables is not positive definite ; use 
   lavInspect(fit, ""cov.lv"") to investigate."	"F_INT~~SCZ_FG"	NA	NA	NA	0.000163398692810458	FALSE	TRUE	FALSE	FALSE	51	6
"MAFbin2L2"	"F_INT"	"~~"	"SCZ_FG"	0.00340230875886445	0.816242914625603	1.26508439538816	0.996925877399195	0.395157415484261	0	"0"	"F_INT~~SCZ_FG"	NA	NA	NA	0.000163398692810458	FALSE	FALSE	FALSE	FALSE	51	6
"MAFbin3L2"	"F_INT"	"~~"	"SCZ_FG"	0.00766293699603604	2.59080300444553	-0.05233600649657	1.08387371036565	0.834201654982587	0	"0"	"F_INT~~SCZ_FG"	NA	NA	NA	0.000163398692810458	FALSE	FALSE	FALSE	FALSE	51	6
"MAFbin4L2"	"F_INT"	"~~"	"SCZ_FG"	0.00137964328205749	0.782636024968997	-0.673703904497657	1.15532686577507	0.926287118080494	0	"0"	"F_INT~~SCZ_FG"	NA	NA	NA	0.000163398692810458	FALSE	FALSE	FALSE	FALSE	51	6
"MAFbin5L2"	"F_INT"	"~~"	"SCZ_FG"	0.00444744814303574	0.570926523442697	2.85899407394481	1.15337344053546	0.053503983274481	0	"0"	"F_INT~~SCZ_FG"	NA	NA	NA	0.000163398692810458	FALSE	FALSE	FALSE	FALSE	51	6
"MAFbin6L2"	"F_INT"	"~~"	"SCZ_FG"	0.000923335223603543	0.72125865493666	0.501304611095089	1.30309843446053	0.649028784091971	0	"0"	"F_INT~~SCZ_FG"	NA	NA	NA	0.000163398692810458	FALSE	FALSE	FALSE	FALSE	51	6
"MAFbin7L2"	"F_INT"	"~~"	"SCZ_FG"	0.00144110460355316	0.50794224321506	1.25450116663573	1.10975679085509	0.409305994322465	0	"0"	"F_INT~~SCZ_FG"	NA	NA	NA	0.000163398692810458	FALSE	FALSE	FALSE	FALSE	51	6
"MAFbin8L2"	"F_INT"	"~~"	"SCZ_FG"	0.00114055898945371	0.852920148256136	0.897184648290857	1.27653521459054	0.532097106471935	0	"0"	"F_INT~~SCZ_FG"	NA	NA	NA	0.000163398692810458	FALSE	FALSE	FALSE	FALSE	51	6
"MAFbin9L2"	"F_INT"	"~~"	"SCZ_FG"	0.00066288057462322	0.34529713020679	3.74662496939079	1.33701508614034	0.0199735176548892	0	"lavaan->lav_object_post_check():  
   some estimated ov variances are negative"	"F_INT~~SCZ_FG"	NA	NA	NA	0.000163398692810458	FALSE	TRUE	FALSE	FALSE	51	6
"MAFbin10L2"	"F_INT"	"~~"	"SCZ_FG"	0.00540288453255361	0.749571322039047	-0.0761718620517273	1.15892057441796	0.823451390176077	0	"0"	"F_INT~~SCZ_FG"	NA	NA	NA	0.000163398692810458	FALSE	FALSE	FALSE	FALSE	51	6
"synonymousL2"	"F_INT"	"~~"	"SCZ_FG"	0.00506509532273076	1.46359402325061	NA	NA	NA	0	"lavaan->lav_lavaan_step11_estoptim():  
   the optimizer warns that a solution has NOT been found!"	"F_INT~~SCZ_FG"	NA	NA	NA	0.000163398692810458	FALSE	TRUE	FALSE	FALSE	51	6
"non_synonymousL2"	"F_INT"	"~~"	"SCZ_FG"	0.00820968954682428	2.32036141467008	NA	NA	NA	0	"lavaan->lav_lavaan_step11_estoptim():  
   the optimizer warns that a solution has NOT been found!"	"F_INT~~SCZ_FG"	NA	NA	NA	0.000163398692810458	FALSE	TRUE	FALSE	FALSE	51	6
"Conserved_Vertebrate_phastCons46wayL2"	"F_INT"	"~~"	"SCZ_FG"	0.00913849381719993	1.19201173201238	1.86557462014505	8.82668485806809	0.460940979834917	0	"0"	"F_INT~~SCZ_FG"	NA	NA	NA	0.000163398692810458	FALSE	FALSE	FALSE	FALSE	51	6
"Conserved_Mammal_phastCons46wayL2"	"F_INT"	"~~"	"SCZ_FG"	0.00360267964878127	0.916572437011484	1.47799991695371	11.8084293753146	0.483855404881124	0	"0"	"F_INT~~SCZ_FG"	NA	NA	NA	0.000163398692810458	FALSE	FALSE	FALSE	FALSE	51	6
"Conserved_Primate_phastCons46wayL2"	"F_INT"	"~~"	"SCZ_FG"	0.00458301709777757	0.813634728646259	3.14864148234107	14.2116432986002	0.43991338735944	0	"0"	"F_INT~~SCZ_FG"	NA	NA	NA	0.000163398692810458	FALSE	FALSE	FALSE	FALSE	51	6
"BivFlnkL2"	"F_INT"	"~~"	"SCZ_FG"	0.00382734567121631	1.19011772164613	24.5592498057101	10.007829755904	0.00928426240548498	0	"0"	"F_INT~~SCZ_FG"	NA	NA	NA	0.000163398692810458	FALSE	FALSE	FALSE	FALSE	51	6
"Human_Promoter_VillarL2"	"F_INT"	"~~"	"SCZ_FG"	0.00705271009995347	0.961816839148933	11.5122091575898	7.50714008814251	0.0807125300946072	0	"lavaan->lav_object_post_check():  
   some estimated ov variances are negative"	"F_INT~~SCZ_FG"	NA	NA	NA	0.000163398692810458	FALSE	TRUE	FALSE	FALSE	51	6
"Human_Enhancer_VillarL2"	"F_INT"	"~~"	"SCZ_FG"	0.0121592272297596	1.69396726066646	4.09230862038299	3.75405604257978	0.205048005850852	0	"lavaan->lav_object_post_check():  
   some estimated lv variances are negative"	"F_INT~~SCZ_FG"	NA	NA	NA	0.000163398692810458	FALSE	TRUE	FALSE	FALSE	51	6
"Ancient_Sequence_Age_Human_PromoterL2"	"F_INT"	"~~"	"SCZ_FG"	0.00128219556240797	1.44176648804497	10.3866281669271	23.3344613660592	0.343744645860525	0	"0"	"F_INT~~SCZ_FG"	NA	NA	NA	0.000163398692810458	FALSE	FALSE	FALSE	FALSE	51	6
"Ancient_Sequence_Age_Human_EnhancerL2"	"F_INT"	"~~"	"SCZ_FG"	0.0115602257878298	1.97182680463417	27.2327291748405	20.9608867789474	0.105374496765326	0	"lavaan->lav_object_post_check():  
   some estimated lv variances are negative"	"F_INT~~SCZ_FG"	NA	NA	NA	0.000163398692810458	FALSE	TRUE	FALSE	FALSE	51	6
"Human_Promoter_Villar_ExACL2"	"F_INT"	"~~"	"SCZ_FG"	0.00301274387167614	1.09079657334993	39.552662244919	25.37025387021	0.0643056477081234	0	"lavaan->lav_object_post_check():  
   some estimated ov variances are negative"	"F_INT~~SCZ_FG"	NA	NA	NA	0.000163398692810458	FALSE	TRUE	FALSE	FALSE	51	6
"baseL2"	"F_SUD"	"~~"	"SCZ_FG"	0	0	1.0000038063147	0.55780655378125	0.499997277730324	0	"0"	"F_SUD~~SCZ_FG"	NA	NA	NA	0.000163398692810458	FALSE	FALSE	FALSE	FALSE	51	6
"Coding_UCSCL2"	"F_SUD"	"~~"	"SCZ_FG"	0.00503848720574876	1.05016988976779	-2.16830061568144	19.195563422596	0.565549180343331	0	"lavaan->lav_object_post_check():  
   some estimated ov variances are negative"	"F_SUD~~SCZ_FG"	NA	NA	NA	0.000163398692810458	FALSE	TRUE	FALSE	FALSE	51	6
"Conserved_LindbladTohL2"	"F_SUD"	"~~"	"SCZ_FG"	0.00174853894222563	0.697906754127202	7.53102261849051	23.4291318763145	0.390215852769538	0	"0"	"F_SUD~~SCZ_FG"	NA	NA	NA	0.000163398692810458	FALSE	FALSE	FALSE	FALSE	51	6
"CTCF_HoffmanL2"	"F_SUD"	"~~"	"SCZ_FG"	0.0322335433063878	2.49865427667858	6.18162364399357	18.8700640300169	0.391813736411322	0	"0"	"F_SUD~~SCZ_FG"	NA	NA	NA	0.000163398692810458	FALSE	FALSE	FALSE	FALSE	51	6
"DGF_ENCODEL2"	"F_SUD"	"~~"	"SCZ_FG"	0.0457147900162544	2.12817144113385	-1.37280749451557	8.7690692160943	0.606646150623226	0	"lavaan->lav_object_post_check():  
   some estimated ov variances are negative"	"F_SUD~~SCZ_FG"	NA	NA	NA	0.000163398692810458	FALSE	TRUE	FALSE	FALSE	51	6
"DHS_peaks_TrynkaL2"	"F_SUD"	"~~"	"SCZ_FG"	0.0251848050005663	1.34224984178974	-1.36661337487467	9.24240846688559	0.60104784058459	0	"0"	"F_SUD~~SCZ_FG"	NA	NA	NA	0.000163398692810458	FALSE	FALSE	FALSE	FALSE	51	6
"DHS_TrynkaL2"	"F_SUD"	"~~"	"SCZ_FG"	0.0195883033999108	1.22872879150856	4.70312763441299	6.72852337655057	0.291035346997306	0	"0"	"F_SUD~~SCZ_FG"	NA	NA	NA	0.000163398692810458	FALSE	FALSE	FALSE	FALSE	51	6
"Enhancer_AnderssonL2"	"F_SUD"	"~~"	"SCZ_FG"	0.00501978310908668	1.98553401197701	NA	NA	NA	0	"lavaan->lav_lavaan_step11_estoptim():  
   the optimizer warns that a solution has NOT been found!"	"F_SUD~~SCZ_FG"	NA	NA	NA	0.000163398692810458	FALSE	TRUE	FALSE	FALSE	51	6
"Enhancer_HoffmanL2"	"F_SUD"	"~~"	"SCZ_FG"	0.0115420479446174	2.18127732369155	-10.8790112587664	9.67202011450686	0.890310871781239	0	"0"	"F_SUD~~SCZ_FG"	NA	NA	NA	0.000163398692810458	FALSE	FALSE	FALSE	FALSE	51	6
"FetalDHS_TrynkaL2"	"F_SUD"	"~~"	"SCZ_FG"	0.0208253269899367	0.94239668064383	-5.72290521188751	10.4956155955235	0.739090553418439	0	"lavaan->lav_object_post_check():  
   some estimated ov variances are negative"	"F_SUD~~SCZ_FG"	NA	NA	NA	0.000163398692810458	FALSE	TRUE	FALSE	FALSE	51	6
"H3K27ac_HniszL2"	"F_SUD"	"~~"	"SCZ_FG"	0	0	0.881625108866	1.10765516060162	0.542553865995695	0	"0"	"F_SUD~~SCZ_FG"	NA	NA	NA	0.000163398692810458	FALSE	FALSE	FALSE	FALSE	51	6
"H3K27ac_PGC2L2"	"F_SUD"	"~~"	"SCZ_FG"	0.0233884659579833	1.11443351746652	0.268514108141272	2.67814596811613	0.607623914085209	0	"0"	"F_SUD~~SCZ_FG"	NA	NA	NA	0.000163398692810458	FALSE	FALSE	FALSE	FALSE	51	6
"H3K4me1_peaks_TrynkaL2"	"F_SUD"	"~~"	"SCZ_FG"	0.0319011176667473	0.799523756392183	-3.21682577331711	5.68930452834317	0.770709286689551	0	"lavaan->lav_object_post_check():  
   some estimated ov variances are negative"	"F_SUD~~SCZ_FG"	NA	NA	NA	0.000163398692810458	FALSE	TRUE	FALSE	FALSE	51	6
"H3K4me1_TrynkaL2"	"F_SUD"	"~~"	"SCZ_FG"	0.00829302781212797	0.26666750200409	-1.59192339778104	2.01093904022264	0.901285653735755	0	"0"	"F_SUD~~SCZ_FG"	NA	NA	NA	0.000163398692810458	FALSE	FALSE	FALSE	FALSE	51	6
"H3K4me3_peaks_TrynkaL2"	"F_SUD"	"~~"	"SCZ_FG"	0.00822075864429268	0.865856674493034	19.2771048160299	15.1372594762029	0.113634265236753	0	"lavaan->lav_object_post_check():  
   covariance matrix of latent variables is not positive definite ; use 
   lavInspect(fit, ""cov.lv"") to investigate."	"F_SUD~~SCZ_FG"	NA	NA	NA	0.000163398692810458	FALSE	TRUE	FALSE	FALSE	51	6
"H3K4me3_TrynkaL2"	"F_SUD"	"~~"	"SCZ_FG"	0.00772740351326712	0.783407586322392	-0.320948329701538	4.712621353016	0.610376370550745	0	"0"	"F_SUD~~SCZ_FG"	NA	NA	NA	0.000163398692810458	FALSE	FALSE	FALSE	FALSE	51	6
"H3K9ac_peaks_TrynkaL2"	"F_SUD"	"~~"	"SCZ_FG"	0.00966390702080234	1.57984746596072	-6.57116495561874	15.4418736022873	0.688039514742911	0	"0"	"F_SUD~~SCZ_FG"	NA	NA	NA	0.000163398692810458	FALSE	FALSE	FALSE	FALSE	51	6
"H3K9ac_TrynkaL2"	"F_SUD"	"~~"	"SCZ_FG"	0.00710022702197144	0.640371778330421	3.43965044789516	5.03466110281197	0.313990366879234	0	"0"	"F_SUD~~SCZ_FG"	NA	NA	NA	0.000163398692810458	FALSE	FALSE	FALSE	FALSE	51	6
"Intron_UCSCL2"	"F_SUD"	"~~"	"SCZ_FG"	0.000796184722651798	0.242478754056586	1.76931331526533	0.944945638538476	0.207783809263677	0	"lavaan->lav_object_post_check():  
   some estimated ov variances are negative"	"F_SUD~~SCZ_FG"	NA	NA	NA	0.000163398692810458	FALSE	TRUE	FALSE	FALSE	51	6
"PromoterFlanking_HoffmanL2"	"F_SUD"	"~~"	"SCZ_FG"	0.00798128246736609	1.15431649662914	-14.6634397590253	32.7117506412253	0.683970998844001	0	"lavaan->lav_object_post_check():  
   some estimated lv variances are negative"	"F_SUD~~SCZ_FG"	NA	NA	NA	0.000163398692810458	FALSE	TRUE	FALSE	FALSE	51	6
"Promoter_UCSCL2"	"F_SUD"	"~~"	"SCZ_FG"	0.00392469530809189	0.908372475130521	-8.89224085990437	7.85292325380064	0.896109208302356	0	"0"	"F_SUD~~SCZ_FG"	NA	NA	NA	0.000163398692810458	FALSE	FALSE	FALSE	FALSE	51	6
"Repressed_HoffmanL2"	"F_SUD"	"~~"	"SCZ_FG"	0.00388382953970253	0.998331808104832	2.10192830161338	1.87635468979076	0.278510927692237	0	"lavaan->lav_object_post_check():  
   some estimated ov variances are negative"	"F_SUD~~SCZ_FG"	NA	NA	NA	0.000163398692810458	FALSE	TRUE	FALSE	FALSE	51	6
"SuperEnhancer_HniszL2"	"F_SUD"	"~~"	"SCZ_FG"	0.00178773880295907	0.933383621267406	-0.00944128765253372	1.44189589334207	0.758061069841541	0	"0"	"F_SUD~~SCZ_FG"	NA	NA	NA	0.000163398692810458	FALSE	FALSE	FALSE	FALSE	51	6
"TFBS_ENCODEL2"	"F_SUD"	"~~"	"SCZ_FG"	0.021506881823679	0.861898060381518	10.4995082469114	6.76567329501332	0.0801483572953914	0	"lavaan->lav_object_post_check():  
   covariance matrix of latent variables is not positive definite ; use 
   lavInspect(fit, ""cov.lv"") to investigate."	"F_SUD~~SCZ_FG"	NA	NA	NA	0.000163398692810458	FALSE	TRUE	FALSE	FALSE	51	6
"Transcr_HoffmanL2"	"F_SUD"	"~~"	"SCZ_FG"	0.0378129996659444	1.23144008787503	2.4271196775102	2.2084825723264	0.259075177898243	0	"0"	"F_SUD~~SCZ_FG"	NA	NA	NA	0.000163398692810458	FALSE	FALSE	FALSE	FALSE	51	6
"TSS_HoffmanL2"	"F_SUD"	"~~"	"SCZ_FG"	0.00190124952819986	1.47481163958413	20.8739181833337	20.6355862778429	0.167751284479951	0	"lavaan->lav_object_post_check():  
   covariance matrix of latent variables is not positive definite ; use 
   lavInspect(fit, ""cov.lv"") to investigate."	"F_SUD~~SCZ_FG"	NA	NA	NA	0.000163398692810458	FALSE	TRUE	FALSE	FALSE	51	6
"UTR_3_UCSCL2"	"F_SUD"	"~~"	"SCZ_FG"	0.00444109189938157	1.34371304340891	-1.97199986573776	21.2589159350391	0.555591056870507	0	"lavaan->lav_object_post_check():  
   covariance matrix of latent variables is not positive definite ; use 
   lavInspect(fit, ""cov.lv"") to investigate."	"F_SUD~~SCZ_FG"	NA	NA	NA	0.000163398692810458	FALSE	TRUE	FALSE	FALSE	51	6
"UTR_5_UCSCL2"	"F_SUD"	"~~"	"SCZ_FG"	0.00396957054901262	1.93248982903626	NA	NA	NA	0	"lavaan->lav_lavaan_step11_estoptim():  
   the optimizer warns that a solution has NOT been found!"	"F_SUD~~SCZ_FG"	NA	NA	NA	0.000163398692810458	FALSE	TRUE	FALSE	FALSE	51	6
"WeakEnhancer_HoffmanL2"	"F_SUD"	"~~"	"SCZ_FG"	0.0123110256873805	2.11850057513851	-1.84872227066888	21.9134116604809	0.551716403131926	0	"lavaan->lav_object_post_check():  
   covariance matrix of latent variables is not positive definite ; use 
   lavInspect(fit, ""cov.lv"") to investigate."	"F_SUD~~SCZ_FG"	NA	NA	NA	0.000163398692810458	FALSE	TRUE	FALSE	FALSE	51	6
"GERP.RSsup4L2"	"F_SUD"	"~~"	"SCZ_FG"	0.00166311432843718	0.902078929643571	-5.97665799665549	48.3398091114185	0.557378203978319	0	"lavaan->lav_object_post_check():  
   some estimated ov variances are negative"	"F_SUD~~SCZ_FG"	NA	NA	NA	0.000163398692810458	FALSE	TRUE	FALSE	FALSE	51	6
"MAFbin1L2"	"F_SUD"	"~~"	"SCZ_FG"	0.00439284595546691	1.78347432005805	0.93989892677648	2.0554788644091	0.511663191276237	0	"lavaan->lav_object_post_check():  
   covariance matrix of latent variables is not positive definite ; use 
   lavInspect(fit, ""cov.lv"") to investigate."	"F_SUD~~SCZ_FG"	NA	NA	NA	0.000163398692810458	FALSE	TRUE	FALSE	FALSE	51	6
"MAFbin2L2"	"F_SUD"	"~~"	"SCZ_FG"	0.00340230875886445	0.816242914625603	1.07494904919501	2.46220501738987	0.487858148484611	0	"0"	"F_SUD~~SCZ_FG"	NA	NA	NA	0.000163398692810458	FALSE	FALSE	FALSE	FALSE	51	6
"MAFbin3L2"	"F_SUD"	"~~"	"SCZ_FG"	0.00766293699603604	2.59080300444553	-1.40153051520275	2.31200371523824	0.850533116855264	0	"0"	"F_SUD~~SCZ_FG"	NA	NA	NA	0.000163398692810458	FALSE	FALSE	FALSE	FALSE	51	6
"MAFbin4L2"	"F_SUD"	"~~"	"SCZ_FG"	0.00137964328205749	0.782636024968997	-1.34168462817402	2.42386446525365	0.833001809769453	0	"0"	"F_SUD~~SCZ_FG"	NA	NA	NA	0.000163398692810458	FALSE	FALSE	FALSE	FALSE	51	6
"MAFbin5L2"	"F_SUD"	"~~"	"SCZ_FG"	0.00444744814303574	0.570926523442697	3.69457259059755	2.21706094932182	0.112110505601994	0	"0"	"F_SUD~~SCZ_FG"	NA	NA	NA	0.000163398692810458	FALSE	FALSE	FALSE	FALSE	51	6
"MAFbin6L2"	"F_SUD"	"~~"	"SCZ_FG"	0.000923335223603543	0.72125865493666	3.69731959022455	2.41747628435831	0.132262771951433	0	"0"	"F_SUD~~SCZ_FG"	NA	NA	NA	0.000163398692810458	FALSE	FALSE	FALSE	FALSE	51	6
"MAFbin7L2"	"F_SUD"	"~~"	"SCZ_FG"	0.00144110460355316	0.50794224321506	2.49843303461816	2.35566542023603	0.262356416698149	0	"0"	"F_SUD~~SCZ_FG"	NA	NA	NA	0.000163398692810458	FALSE	FALSE	FALSE	FALSE	51	6
"MAFbin8L2"	"F_SUD"	"~~"	"SCZ_FG"	0.00114055898945371	0.852920148256136	-1.96880118608548	2.47714528783362	0.884634277435403	0	"0"	"F_SUD~~SCZ_FG"	NA	NA	NA	0.000163398692810458	FALSE	FALSE	FALSE	FALSE	51	6
"MAFbin9L2"	"F_SUD"	"~~"	"SCZ_FG"	0.00066288057462322	0.34529713020679	4.76276072491134	2.37170580310904	0.0563106022577437	0	"lavaan->lav_object_post_check():  
   some estimated ov variances are negative"	"F_SUD~~SCZ_FG"	NA	NA	NA	0.000163398692810458	FALSE	TRUE	FALSE	FALSE	51	6
"MAFbin10L2"	"F_SUD"	"~~"	"SCZ_FG"	0.00540288453255361	0.749571322039047	0.668541292405885	1.91602667605924	0.568671433498489	0	"0"	"F_SUD~~SCZ_FG"	NA	NA	NA	0.000163398692810458	FALSE	FALSE	FALSE	FALSE	51	6
"synonymousL2"	"F_SUD"	"~~"	"SCZ_FG"	0.00506509532273076	1.46359402325061	NA	NA	NA	0	"lavaan->lav_lavaan_step11_estoptim():  
   the optimizer warns that a solution has NOT been found!"	"F_SUD~~SCZ_FG"	NA	NA	NA	0.000163398692810458	FALSE	TRUE	FALSE	FALSE	51	6
"non_synonymousL2"	"F_SUD"	"~~"	"SCZ_FG"	0.00820968954682428	2.32036141467008	NA	NA	NA	0	"lavaan->lav_lavaan_step11_estoptim():  
   the optimizer warns that a solution has NOT been found!"	"F_SUD~~SCZ_FG"	NA	NA	NA	0.000163398692810458	FALSE	TRUE	FALSE	FALSE	51	6
"Conserved_Vertebrate_phastCons46wayL2"	"F_SUD"	"~~"	"SCZ_FG"	0.00913849381719993	1.19201173201238	-5.0562477225733	18.5192226080278	0.628175490226041	0	"0"	"F_SUD~~SCZ_FG"	NA	NA	NA	0.000163398692810458	FALSE	FALSE	FALSE	FALSE	51	6
"Conserved_Mammal_phastCons46wayL2"	"F_SUD"	"~~"	"SCZ_FG"	0.00360267964878127	0.916572437011484	8.70228426368458	23.6166250712232	0.372159887363703	0	"0"	"F_SUD~~SCZ_FG"	NA	NA	NA	0.000163398692810458	FALSE	FALSE	FALSE	FALSE	51	6
"Conserved_Primate_phastCons46wayL2"	"F_SUD"	"~~"	"SCZ_FG"	0.00458301709777757	0.813634728646259	-3.72562228232466	27.4945208670002	0.568232120967658	0	"0"	"F_SUD~~SCZ_FG"	NA	NA	NA	0.000163398692810458	FALSE	FALSE	FALSE	FALSE	51	6
"BivFlnkL2"	"F_SUD"	"~~"	"SCZ_FG"	0.00382734567121631	1.19011772164613	17.3730744850119	21.0151872880367	0.217958414089013	0	"0"	"F_SUD~~SCZ_FG"	NA	NA	NA	0.000163398692810458	FALSE	FALSE	FALSE	FALSE	51	6
"Human_Promoter_VillarL2"	"F_SUD"	"~~"	"SCZ_FG"	0.00705271009995347	0.961816839148933	1.4811469260101	14.0544438467581	0.486345075884397	0	"lavaan->lav_object_post_check():  
   some estimated ov variances are negative"	"F_SUD~~SCZ_FG"	NA	NA	NA	0.000163398692810458	FALSE	TRUE	FALSE	FALSE	51	6
"Human_Enhancer_VillarL2"	"F_SUD"	"~~"	"SCZ_FG"	0.0121592272297596	1.69396726066646	-2.20483648059128	8.21163258924101	0.651835267759041	0	"lavaan->lav_object_post_check():  
   some estimated lv variances are negative"	"F_SUD~~SCZ_FG"	NA	NA	NA	0.000163398692810458	FALSE	TRUE	FALSE	FALSE	51	6
"Ancient_Sequence_Age_Human_PromoterL2"	"F_SUD"	"~~"	"SCZ_FG"	0.00128219556240797	1.44176648804497	26.6272305871819	45.1242421025663	0.285042606262842	0	"0"	"F_SUD~~SCZ_FG"	NA	NA	NA	0.000163398692810458	FALSE	FALSE	FALSE	FALSE	51	6
"Ancient_Sequence_Age_Human_EnhancerL2"	"F_SUD"	"~~"	"SCZ_FG"	0.0115602257878298	1.97182680463417	22.2563597019071	43.931397655044	0.31424492816521	0	"lavaan->lav_object_post_check():  
   some estimated lv variances are negative"	"F_SUD~~SCZ_FG"	NA	NA	NA	0.000163398692810458	FALSE	TRUE	FALSE	FALSE	51	6
"Human_Promoter_Villar_ExACL2"	"F_SUD"	"~~"	"SCZ_FG"	0.00301274387167614	1.09079657334993	5.36391386266826	39.1370175478633	0.455608550964724	0	"lavaan->lav_object_post_check():  
   some estimated ov variances are negative"	"F_SUD~~SCZ_FG"	NA	NA	NA	0.000163398692810458	FALSE	TRUE	FALSE	FALSE	51	6
NA	"ADHD"	"~~"	"ADHD"	NA	NA	NA	NA	NA	NA	NA	"BASELINE"	0.0692543477169152	"0.00690370988723658"	"No"	0.000163398692810458	FALSE	FALSE	FALSE	FALSE	51	6
NA	"ANX"	"~~"	"ANX"	NA	NA	NA	NA	NA	NA	NA	"BASELINE"	0.0122488417583453	"0.00309101082646118"	"No"	0.000163398692810458	FALSE	FALSE	FALSE	FALSE	51	6
NA	"AN"	"~~"	"AN"	NA	NA	NA	NA	NA	NA	NA	"BASELINE"	0.161293185420408	"0.0159152061936191"	"No"	0.000163398692810458	FALSE	FALSE	FALSE	FALSE	51	6
NA	"AUD"	"~~"	"AUD"	NA	NA	NA	NA	NA	NA	NA	"BASELINE"	0.0397126627853489	"0.00377807420349857"	"No"	0.000163398692810458	FALSE	FALSE	FALSE	FALSE	51	6
NA	"CUD"	"~~"	"CUD"	NA	NA	NA	NA	NA	NA	NA	"BASELINE"	0.023865484275817	"0.0045506501537297"	"No"	0.000163398692810458	FALSE	FALSE	FALSE	FALSE	51	6
NA	"F_COMP"	"~~"	"F_COMP"	NA	NA	NA	NA	NA	NA	NA	"BASELINE"	0.293561649040984	"0.0345968126169737"	"No"	0.000163398692810458	FALSE	FALSE	FALSE	FALSE	51	6
NA	"F_COMP"	"~~"	"F_INT"	NA	NA	NA	NA	NA	NA	NA	"BASELINE"	0.0606053931229656	"0.00605054456568431"	"No"	0.000163398692810458	FALSE	FALSE	FALSE	FALSE	51	6
NA	"F_COMP"	"~~"	"F_SUD"	NA	NA	NA	NA	NA	NA	NA	"BASELINE"	0.0348720726021246	"0.00389611864441791"	"No"	0.000163398692810458	FALSE	FALSE	FALSE	FALSE	51	6
NA	"F_COMP"	"~~"	"SCZ_FG"	NA	NA	NA	NA	NA	NA	NA	"BASELINE"	0.0502649386991376	"0.0121050806475668"	"No"	0.000163398692810458	FALSE	FALSE	FALSE	FALSE	51	6
NA	"F_COMP"	"~~"	"SCZ_PGC"	NA	NA	NA	NA	NA	NA	NA	"BASELINE"	0.130410623207909	"0.0121940277544129"	"No"	0.000163398692810458	FALSE	FALSE	FALSE	FALSE	51	6
NA	"F_INT"	"~~"	"F_INT"	NA	NA	NA	NA	NA	NA	NA	"BASELINE"	0.0499571040419073	"0.00618383101716296"	"No"	0.000163398692810458	FALSE	FALSE	FALSE	FALSE	51	6
NA	"F_INT"	"~~"	"F_SUD"	NA	NA	NA	NA	NA	NA	NA	"BASELINE"	0.0364506660565695	"0.00292719601715661"	"No"	0.000163398692810458	FALSE	FALSE	FALSE	FALSE	51	6
NA	"F_INT"	"~~"	"SCZ_FG"	NA	NA	NA	NA	NA	NA	NA	"BASELINE"	0.0143735356339806	"0.0040338001703927"	"No"	0.000163398692810458	FALSE	FALSE	FALSE	FALSE	51	6
NA	"F_INT"	"~~"	"SCZ_PGC"	NA	NA	NA	NA	NA	NA	NA	"BASELINE"	0.0551881277933097	"0.00491673961052837"	"No"	0.000163398692810458	FALSE	FALSE	FALSE	FALSE	51	6
NA	"F_SUD"	"~~"	"F_SUD"	NA	NA	NA	NA	NA	NA	NA	"BASELINE"	0.0473640094490928	"0.00315062837136127"	"No"	0.000163398692810458	FALSE	FALSE	FALSE	FALSE	51	6
NA	"F_SUD"	"~~"	"SCZ_FG"	NA	NA	NA	NA	NA	NA	NA	"BASELINE"	0.00726430009730335	"0.00404854789295588"	"No"	0.000163398692810458	FALSE	FALSE	FALSE	FALSE	51	6
NA	"F_SUD"	"~~"	"SCZ_PGC"	NA	NA	NA	NA	NA	NA	NA	"BASELINE"	0.0526730390683229	"0.00385585906775861"	"No"	0.000163398692810458	FALSE	FALSE	FALSE	FALSE	51	6
NA	"MDD"	"~~"	"MDD"	NA	NA	NA	NA	NA	NA	NA	"BASELINE"	0.0321358619857501	"0.0104832231615184"	"No"	0.000163398692810458	FALSE	FALSE	FALSE	FALSE	51	6
NA	"OCD"	"~~"	"OCD"	NA	NA	NA	NA	NA	NA	NA	"BASELINE"	1e-04	"0.0361096392618537"	"No"	0.000163398692810458	FALSE	FALSE	FALSE	FALSE	51	6
NA	"PTSD"	"~~"	"PTSD"	NA	NA	NA	NA	NA	NA	NA	"BASELINE"	0.000504629447873862	"0.00251329726737107"	"No"	0.000163398692810458	FALSE	FALSE	FALSE	FALSE	51	6
NA	"SCZ_FG"	"~~"	"SCZ_FG"	NA	NA	NA	NA	NA	NA	NA	"BASELINE"	0.12406491106295	"0.0187760759391246"	"No"	0.000163398692810458	FALSE	FALSE	FALSE	FALSE	51	6
NA	"SCZ_PGC"	"~~"	"SCZ_FG"	NA	NA	NA	NA	NA	NA	NA	"BASELINE"	0.189342279002191	"0.0120401252071321"	"No"	0.000163398692810458	FALSE	FALSE	FALSE	FALSE	51	6
NA	"SCZ_PGC"	"~~"	"SCZ_PGC"	NA	NA	NA	NA	NA	NA	NA	"BASELINE"	0.368080571634617	"0.0145505495253723"	"No"	0.000163398692810458	FALSE	FALSE	FALSE	FALSE	51	6
NA	"F_COMP"	"=~"	"AN"	NA	NA	NA	NA	NA	NA	NA	"BASELINE"	0.447038657235785	"0.0452224186355626"	"Yes"	0.000163398692810458	FALSE	FALSE	FALSE	FALSE	51	6
NA	"F_COMP"	"=~"	"ANX"	NA	NA	NA	NA	NA	NA	NA	"BASELINE"	0.165687015240792	"0.0298876770404254"	"Yes"	0.000163398692810458	FALSE	FALSE	FALSE	FALSE	51	6
NA	"F_COMP"	"=~"	"OCD"	NA	NA	NA	NA	NA	NA	NA	"BASELINE"	1	""	"Yes"	0.000163398692810458	FALSE	FALSE	FALSE	FALSE	51	6
NA	"F_INT"	"=~"	"ANX"	NA	NA	NA	NA	NA	NA	NA	"BASELINE"	0.830338202313122	"0.0738614022386033"	"Yes"	0.000163398692810458	FALSE	FALSE	FALSE	FALSE	51	6
NA	"F_INT"	"=~"	"MDD"	NA	NA	NA	NA	NA	NA	NA	"BASELINE"	1	""	"Yes"	0.000163398692810458	FALSE	FALSE	FALSE	FALSE	51	6
NA	"F_INT"	"=~"	"PTSD"	NA	NA	NA	NA	NA	NA	NA	"BASELINE"	0.980641177908099	"0.0631821455617421"	"Yes"	0.000163398692810458	FALSE	FALSE	FALSE	FALSE	51	6
NA	"F_SUD"	"=~"	"ADHD"	NA	NA	NA	NA	NA	NA	NA	"BASELINE"	1.30281262340934	"0.0679224149091322"	"Yes"	0.000163398692810458	FALSE	FALSE	FALSE	FALSE	51	6
NA	"F_SUD"	"=~"	"AUD"	NA	NA	NA	NA	NA	NA	NA	"BASELINE"	1	""	"Yes"	0.000163398692810458	FALSE	FALSE	FALSE	FALSE	51	6
NA	"F_SUD"	"=~"	"CUD"	NA	NA	NA	NA	NA	NA	NA	"BASELINE"	1.08621663596501	"0.0405207522169953"	"Yes"	0.000163398692810458	FALSE	FALSE	FALSE	FALSE	51	6
