comparison	disease	domain	left_target	right_target	removed_auxiliaries	n_block	left_reduction_pp	right_reduction_pp	difference_in_reduction_pp	paired_jackknife_se_pp	ci95_low_pp	ci95_high_pp	z	p_two_sided	left_full_panel_scale	right_full_panel_scale	method	fdr_family	q_bh_26	survives_bh_0_05
MDD_EHR_minus_CLIN	MDD	mood_psychotic	MDD_EHR_PGC2025	MDD_CLIN_PGC2025	BD_PGC2021,SCZ_PGC2022	200	3.81164687276494	5.32977281965461	-1.51812594688967	2.25363220716677	-5.93524507293654	2.8989931791572	-0.673635184153776	0.50054327862678	0.9384765625	0.9384765625	Zhao et al. full-panel correction coefficient applied to the pre-correction full-minus-reduced difference; 200-block paired difference-of-differences jackknife	26 prespecified estimable leave-category-out difference-of-differences tests	0.929580374592591	FALSE
MDD_EHR_minus_CLIN	MDD	neurodevelopmental	MDD_EHR_PGC2025	MDD_CLIN_PGC2025	ADHD,ASD	200	10.1885317086482	7.59609391267156	2.59243779597665	3.34588620639879	-3.96549916856499	9.15037476051829	0.774813498145507	0.438449872006761	0.9384765625	0.9384765625	Zhao et al. full-panel correction coefficient applied to the pre-correction full-minus-reduced difference; 200-block paired difference-of-differences jackknife	26 prespecified estimable leave-category-out difference-of-differences tests	0.876899744013521	FALSE
MDD_EHR_minus_CLIN	MDD	compulsive_eating	MDD_EHR_PGC2025	MDD_CLIN_PGC2025	OCD_2025,AN	200	4.61458177764004	3.58120632082578	1.03337545681426	2.78994878393607	-4.43492415970043	6.50167507332895	0.37039226768757	0.711090234280324	0.9384765625	0.9384765625	Zhao et al. full-panel correction coefficient applied to the pre-correction full-minus-reduced difference; 200-block paired difference-of-differences jackknife	26 prespecified estimable leave-category-out difference-of-differences tests	0.973070846909917	FALSE
MDD_EHR_minus_CLIN	MDD	substance	MDD_EHR_PGC2025	MDD_CLIN_PGC2025	AUD,CUD_2023_EUR	200	2.7768469773686	1.12330263021683	1.65354434715178	1.51240457631082	-1.31076862241744	4.61785731672099	1.09332143862275	0.274252693225468	0.9384765625	0.9384765625	Zhao et al. full-panel correction coefficient applied to the pre-correction full-minus-reduced difference; 200-block paired difference-of-differences jackknife	26 prespecified estimable leave-category-out difference-of-differences tests	0.867114947099785	FALSE
MDD_FINNGEN_minus_CLIN	MDD	mood_psychotic	MDD_FINNGEN_R13	MDD_CLIN_PGC2025	BD_PGC2021,SCZ_PGC2022	200	6.3132407923531	5.32977281965461	0.983467972698494	2.5122748966465	-3.94059082472865	5.90752677012564	0.391465111565327	0.695453472163957	0.9384765625	0.9384765625	Zhao et al. full-panel correction coefficient applied to the pre-correction full-minus-reduced difference; 200-block paired difference-of-differences jackknife	26 prespecified estimable leave-category-out difference-of-differences tests	0.973070846909917	FALSE
MDD_FINNGEN_minus_CLIN	MDD	neurodevelopmental	MDD_FINNGEN_R13	MDD_CLIN_PGC2025	ADHD,ASD	200	5.98507792349456	7.59609391267156	-1.61101598917699	3.38737768486779	-8.25027625151786	5.02824427316387	-0.47559384841371	0.634363758782009	0.9384765625	0.9384765625	Zhao et al. full-panel correction coefficient applied to the pre-correction full-minus-reduced difference; 200-block paired difference-of-differences jackknife	26 prespecified estimable leave-category-out difference-of-differences tests	0.973070846909917	FALSE
MDD_FINNGEN_minus_CLIN	MDD	compulsive_eating	MDD_FINNGEN_R13	MDD_CLIN_PGC2025	OCD_2025,AN	200	3.59985231835859	3.58120632082578	0.0186459975328103	2.95054027814407	-5.76441294762956	5.80170494269518	0.00631951974047916	0.994957786328656	0.9384765625	0.9384765625	Zhao et al. full-panel correction coefficient applied to the pre-correction full-minus-reduced difference; 200-block paired difference-of-differences jackknife	26 prespecified estimable leave-category-out difference-of-differences tests	0.994957786328656	FALSE
MDD_FINNGEN_minus_CLIN	MDD	substance	MDD_FINNGEN_R13	MDD_CLIN_PGC2025	AUD,CUD_2023_EUR	200	5.35270013062769	1.12330263021683	4.22939750041086	2.32280672993237	-0.32330369025659	8.78209869107832	1.82081334874297	0.068635234464495	0.9384765625	0.9384765625	Zhao et al. full-panel correction coefficient applied to the pre-correction full-minus-reduced difference; 200-block paired difference-of-differences jackknife	26 prespecified estimable leave-category-out difference-of-differences tests	0.386495549454705	FALSE
MDD_QUEST_minus_CLIN	MDD	mood_psychotic	MDD_QUEST_PGC2025	MDD_CLIN_PGC2025	BD_PGC2021,SCZ_PGC2022	200	5.00842687135341	5.32977281965461	-0.321345948301197	2.57525889400341	-5.36885338054788	4.72616148394548	-0.124781997277813	0.900696140076557	0.9384765625	0.9384765625	Zhao et al. full-panel correction coefficient applied to the pre-correction full-minus-reduced difference; 200-block paired difference-of-differences jackknife	26 prespecified estimable leave-category-out difference-of-differences tests	0.994957786328656	FALSE
MDD_QUEST_minus_CLIN	MDD	neurodevelopmental	MDD_QUEST_PGC2025	MDD_CLIN_PGC2025	ADHD,ASD	200	7.31421488860005	7.59609391267156	-0.281879024071502	3.54326704906235	-7.22668244023371	6.66292439209071	-0.0795534234841529	0.936592440421648	0.9384765625	0.9384765625	Zhao et al. full-panel correction coefficient applied to the pre-correction full-minus-reduced difference; 200-block paired difference-of-differences jackknife	26 prespecified estimable leave-category-out difference-of-differences tests	0.994957786328656	FALSE
MDD_QUEST_minus_CLIN	MDD	compulsive_eating	MDD_QUEST_PGC2025	MDD_CLIN_PGC2025	OCD_2025,AN	200	3.30618586541757	3.58120632082578	-0.275020455408209	2.83573776039179	-5.83306646577612	5.2830255549597	-0.0969837406157794	0.922739306683607	0.9384765625	0.9384765625	Zhao et al. full-panel correction coefficient applied to the pre-correction full-minus-reduced difference; 200-block paired difference-of-differences jackknife	26 prespecified estimable leave-category-out difference-of-differences tests	0.994957786328656	FALSE
MDD_QUEST_minus_CLIN	MDD	substance	MDD_QUEST_PGC2025	MDD_CLIN_PGC2025	AUD,CUD_2023_EUR	200	3.20781838819282	1.12330263021683	2.08451575797599	2.01653608306668	-1.86789496483469	6.03692648078668	1.03371111257575	0.301271236462451	0.9384765625	0.9384765625	Zhao et al. full-panel correction coefficient applied to the pre-correction full-minus-reduced difference; 200-block paired difference-of-differences jackknife	26 prespecified estimable leave-category-out difference-of-differences tests	0.867114947099785	FALSE
MDD_EHR_minus_QUEST	MDD	mood_psychotic	MDD_EHR_PGC2025	MDD_QUEST_PGC2025	BD_PGC2021,SCZ_PGC2022	200	3.81164687276494	5.00842687135341	-1.19677999858847	1.44586553695182	-4.03067645101404	1.6371164538371	-0.827725654981394	0.407825886575113	0.9384765625	0.9384765625	Zhao et al. full-panel correction coefficient applied to the pre-correction full-minus-reduced difference; 200-block paired difference-of-differences jackknife	26 prespecified estimable leave-category-out difference-of-differences tests	0.876899744013521	FALSE
MDD_EHR_minus_QUEST	MDD	neurodevelopmental	MDD_EHR_PGC2025	MDD_QUEST_PGC2025	ADHD,ASD	200	10.1885317086482	7.31421488860005	2.87431682004815	2.26512323057281	-1.56532471187456	7.31395835197086	1.26894500981357	0.204460677549636	0.9384765625	0.9384765625	Zhao et al. full-panel correction coefficient applied to the pre-correction full-minus-reduced difference; 200-block paired difference-of-differences jackknife	26 prespecified estimable leave-category-out difference-of-differences tests	0.75942537375579	FALSE
MDD_EHR_minus_QUEST	MDD	compulsive_eating	MDD_EHR_PGC2025	MDD_QUEST_PGC2025	OCD_2025,AN	200	4.61458177764004	3.30618586541757	1.30839591222247	1.44994283234014	-1.5334920391642	4.15028386360913	0.902377585542997	0.366856323772986	0.9384765625	0.9384765625	Zhao et al. full-panel correction coefficient applied to the pre-correction full-minus-reduced difference; 200-block paired difference-of-differences jackknife	26 prespecified estimable leave-category-out difference-of-differences tests	0.867114947099785	FALSE
MDD_EHR_minus_QUEST	MDD	substance	MDD_EHR_PGC2025	MDD_QUEST_PGC2025	AUD,CUD_2023_EUR	200	2.7768469773686	3.20781838819282	-0.430971410824217	1.66103813760132	-3.68660616052281	2.82466333887438	-0.259459070245416	0.795281058139741	0.9384765625	0.9384765625	Zhao et al. full-panel correction coefficient applied to the pre-correction full-minus-reduced difference; 200-block paired difference-of-differences jackknife	26 prespecified estimable leave-category-out difference-of-differences tests	0.994957786328656	FALSE
BD_FINNGEN_minus_CLIN	BD	mood_psychotic	BD_FINNGEN_R13	BD_CLIN_PGC4	SCZ_PGC2022	200	1.39436630248977	25.0701020709248	-23.675735768435	2.94359893845955	-29.4451896878158	-17.9062818490543	-8.04312552878723	8.75755350386463e-16	0.87890625	0.9384765625	Zhao et al. full-panel correction coefficient applied to the pre-correction full-minus-reduced difference; 200-block paired difference-of-differences jackknife	26 prespecified estimable leave-category-out difference-of-differences tests	2.27696391100481e-14	TRUE
BD_FINNGEN_minus_CLIN	BD	internalizing	BD_FINNGEN_R13	BD_CLIN_PGC4	PTSD,ANX	200	7.47269874107466	2.09147178124277	5.3812269598319	3.75091859589793	-1.97057348812804	12.7330274077918	1.43464242751546	0.151389017862648	0.87890625	0.9384765625	Zhao et al. full-panel correction coefficient applied to the pre-correction full-minus-reduced difference; 200-block paired difference-of-differences jackknife	26 prespecified estimable leave-category-out difference-of-differences tests	0.656019077404808	FALSE
BD_FINNGEN_minus_CLIN	BD	neurodevelopmental	BD_FINNGEN_R13	BD_CLIN_PGC4	ADHD,ASD	200	4.04879780338604	0.795987697787463	3.25281010559858	3.57282159972361	-3.74992022985969	10.2555404410569	0.910431717567486	0.362594876987611	0.87890625	0.9384765625	Zhao et al. full-panel correction coefficient applied to the pre-correction full-minus-reduced difference; 200-block paired difference-of-differences jackknife	26 prespecified estimable leave-category-out difference-of-differences tests	0.867114947099785	FALSE
BD_FINNGEN_minus_CLIN	BD	compulsive_eating	BD_FINNGEN_R13	BD_CLIN_PGC4	OCD_2025,AN	200	2.18459138868705	0.605292753088557	1.5792986355985	2.99453402481937	-4.28998805304747	7.44858532424446	0.527393785647087	0.597920158084411	0.87890625	0.9384765625	Zhao et al. full-panel correction coefficient applied to the pre-correction full-minus-reduced difference; 200-block paired difference-of-differences jackknife	26 prespecified estimable leave-category-out difference-of-differences tests	0.973070846909917	FALSE
BD_FINNGEN_minus_CLIN	BD	substance	BD_FINNGEN_R13	BD_CLIN_PGC4	AUD,CUD_2023_EUR	200	5.742908353363	0.109927688191377	5.63298066517162	2.9185038732031	-0.087286926306445	11.3532482566497	1.930091892936	0.053595452783354	0.87890625	0.9384765625	Zhao et al. full-panel correction coefficient applied to the pre-correction full-minus-reduced difference; 200-block paired difference-of-differences jackknife	26 prespecified estimable leave-category-out difference-of-differences tests	0.386495549454705	FALSE
SCZ_FINNGEN_minus_PGC	SCZ	mood_psychotic	SCZ_FINNGEN_R13	SCZ_PGC2022	MDD_CLIN_PGC2025,BD_PGC2021	200	11.6038088049227	20.1738139232064	-8.57000511828372	3.62766968254145	-15.680237696065	-1.45977254050247	-2.36239952042155	0.0181570627696189	0.66015625	0.9384765625	Zhao et al. full-panel correction coefficient applied to the pre-correction full-minus-reduced difference; 200-block paired difference-of-differences jackknife	26 prespecified estimable leave-category-out difference-of-differences tests	0.236041816005045	FALSE
SCZ_FINNGEN_minus_PGC	SCZ	internalizing	SCZ_FINNGEN_R13	SCZ_PGC2022	PTSD,ANX	200	0.231252589514456	0.27480733876499	-0.0435547492505336	1.31365859222343	-2.61832559000846	2.53121609150739	-0.0331553034467008	0.973550741190967	0.66015625	0.9384765625	Zhao et al. full-panel correction coefficient applied to the pre-correction full-minus-reduced difference; 200-block paired difference-of-differences jackknife	26 prespecified estimable leave-category-out difference-of-differences tests	0.994957786328656	FALSE
SCZ_FINNGEN_minus_PGC	SCZ	neurodevelopmental	SCZ_FINNGEN_R13	SCZ_PGC2022	ADHD,ASD	200	1.82766646282058	1.6523703182658	0.175296144554783	2.32324394284754	-4.3782619834264	4.72885427253597	0.0754531804955128	0.939854147844562	0.66015625	0.9384765625	Zhao et al. full-panel correction coefficient applied to the pre-correction full-minus-reduced difference; 200-block paired difference-of-differences jackknife	26 prespecified estimable leave-category-out difference-of-differences tests	0.994957786328656	FALSE
SCZ_FINNGEN_minus_PGC	SCZ	compulsive_eating	SCZ_FINNGEN_R13	SCZ_PGC2022	OCD_2025,AN	200	0.268991027786331	0.644489126439847	-0.375498098653516	0.820613805032432	-1.98390115651708	1.23290495921005	-0.457581990883856	0.647252784397031	0.66015625	0.9384765625	Zhao et al. full-panel correction coefficient applied to the pre-correction full-minus-reduced difference; 200-block paired difference-of-differences jackknife	26 prespecified estimable leave-category-out difference-of-differences tests	0.973070846909917	FALSE
SCZ_FINNGEN_minus_PGC	SCZ	substance	SCZ_FINNGEN_R13	SCZ_PGC2022	AUD,CUD_2023_EUR	200	0.973047091120135	3.69356829909216	-2.72052120797202	1.52444231734777	-5.70842814997365	0.2673857340296	-1.78460095013972	0.0743260672028279	0.66015625	0.9384765625	Zhao et al. full-panel correction coefficient applied to the pre-correction full-minus-reduced difference; 200-block paired difference-of-differences jackknife	26 prespecified estimable leave-category-out difference-of-differences tests	0.386495549454705	FALSE
